Country,Country_Code,Year,youth_literacy_rate__population_15_24_years__male__pct__lr_ag15t24_m,youth_literacy_rate__population_15_24_years__female__pct__lr_ag15t24_f,Region
Afghanistan,AFG,1979,45.8,11.14,Asia
Afghanistan,AFG,2011,61.88,32.11,Asia
Afghanistan,AFG,2015,57.74,25.48,Asia
Afghanistan,AFG,2020,68.800964,40.055595,Asia
Afghanistan,AFG,2021,71.24,41.59,Asia
Afghanistan,AFG,2022,83.4,44.17,Asia
Albania,ALB,2001,99.37,99.5,Europe
Albania,ALB,2005,,99.49,Europe
Albania,ALB,2008,98.54,99.12,Europe
Albania,ALB,2009,94.82,96.61,Europe
Albania,ALB,2011,98.73,98.86,Europe
Albania,ALB,2012,99.38,99.02,Europe
Albania,ALB,2017,98.59,99.53,Europe
Albania,ALB,2023,98.92,99.21,Europe
Algeria,DZA,1987,86.23,62.21,Africa
Algeria,DZA,2002,94.06,86.13,Africa
Algeria,DZA,2006,94.38,89.14,Africa
Algeria,DZA,2008,95.75,91.74,Africa
Algeria,DZA,2019,,97.99,Africa
American Samoa,ASM,1980,97.89,97.44,Oceania
Angola,AGO,2001,83.78,63.18,Africa
Angola,AGO,2014,84.86,70.59,Africa
Angola,AGO,2015,83.97,67.43,Africa
Angola,AGO,2023,87.79,73.41,Africa
Anguilla,AIA,1984,99.12,99.1,North America
Argentina,ARG,1980,96.46,97.3,South America
Argentina,ARG,1991,98.07,98.54,South America
Argentina,ARG,2001,98.71,99.13,South America
Argentina,ARG,2020,99.48,99.87,South America
Armenia,ARM,1989,99.91,99.91,Asia
Armenia,ARM,2000,100.0,100.0,Asia
Armenia,ARM,2001,99.75,99.86,Asia
Armenia,ARM,2011,99.82,99.88,Asia
Armenia,ARM,2016,99.82,99.88,Asia
Armenia,ARM,2017,99.82,99.87,Asia
Armenia,ARM,2018,100.0,100.0,Asia
Armenia,ARM,2019,100.0,100.0,Asia
Armenia,ARM,2020,99.85,99.9,Asia
Armenia,ARM,2022,99.65,99.92,Asia
Armenia,ARM,2023,99.91,99.87,Asia
Aruba,ABW,2000,98.88,99.17,North America
Aruba,ABW,2010,98.97,99.32,North America
Azerbaijan,AZE,1999,99.87,99.9,Asia
Azerbaijan,AZE,2006,100.0,100.0,Asia
Azerbaijan,AZE,2007,99.99,99.99,Asia
Azerbaijan,AZE,2009,99.96,99.95,Asia
Azerbaijan,AZE,2010,99.97,99.93,Asia
Azerbaijan,AZE,2011,99.96,99.93,Asia
Azerbaijan,AZE,2012,99.95,99.92,Asia
Azerbaijan,AZE,2013,99.98,99.93,Asia
Azerbaijan,AZE,2014,99.98,99.94,Asia
Azerbaijan,AZE,2015,99.96,99.92,Asia
Azerbaijan,AZE,2016,99.96,99.92,Asia
Azerbaijan,AZE,2017,99.96,99.91,Asia
Azerbaijan,AZE,2019,99.96,99.91,Asia
Azerbaijan,AZE,2023,99.88,99.88,Asia
Bahrain,BHR,1981,89.69,82.08,Asia
Bahrain,BHR,1991,97.26,96.58,Asia
Bahrain,BHR,2001,96.83,97.25,Asia
Bahrain,BHR,2022,99.38,98.95,Asia
Bahrain,BHR,2023,99.28,99.21,Asia
Bahrain,BHR,2024,99.51,99.53,Asia
Bangladesh,BGD,1981,44.36,27.15,Asia
Bangladesh,BGD,1991,51.74,37.99,Asia
Bangladesh,BGD,2000,100.0,100.0,Asia
Bangladesh,BGD,2001,67.16,60.26,Asia
Bangladesh,BGD,2006,,87.2,Asia
Bangladesh,BGD,2007,90.51,77.09,Asia
Bangladesh,BGD,2011,76.4,79.54,Asia
Bangladesh,BGD,2012,76.28,79.37,Asia
Bangladesh,BGD,2013,84.09,86.93,Asia
Bangladesh,BGD,2014,84.63,86.48,Asia
Bangladesh,BGD,2015,86.19,89.54,Asia
Bangladesh,BGD,2016,90.91,93.54,Asia
Bangladesh,BGD,2017,91.54,94.38,Asia
Bangladesh,BGD,2018,91.8,94.91,Asia
Bangladesh,BGD,2019,93.7,96.09,Asia
Bangladesh,BGD,2020,93.16,95.86,Asia
Bangladesh,BGD,2021,93.76,95.86,Asia
Bangladesh,BGD,2022,92.39,94.45,Asia
Barbados,BRB,1970,99.72,99.8,North America
Barbados,BRB,2012,100.0,100.0,North America
Belarus,BLR,1989,99.73,99.8,Europe
Belarus,BLR,1999,99.76,99.83,Europe
Belarus,BLR,2005,,99.98,Europe
Belarus,BLR,2009,99.8,99.85,Europe
Belarus,BLR,2012,100.0,100.0,Europe
Belarus,BLR,2019,99.85,99.9,Europe
Belize,BLZ,1991,77.26,78.02,North America
Belize,BLZ,2000,83.9,84.54,North America
Belize,BLZ,2006,,95.13,North America
Belize,BLZ,2011,,96.6,North America
Belize,BLZ,2015,97.83,98.08,North America
Belize,BLZ,2022,95.67,96.63,North America
Benin,BEN,1979,45.71,18.26,Africa
Benin,BEN,1992,55.13,26.69,Africa
Benin,BEN,2001,61.08,31.85,Africa
Benin,BEN,2002,59.21,33.24,Africa
Benin,BEN,2006,72.07,39.53,Africa
Benin,BEN,2011,,48.456245,Africa
Benin,BEN,2013,71.6,53.48,Africa
Benin,BEN,2017,66.8,50.99,Africa
Benin,BEN,2019,76.35,62.76,Africa
Benin,BEN,2021,70.97,59.19,Africa
Benin,BEN,2022,74.6,67.94,Africa
Bhutan,BTN,2005,80.04,67.96,Asia
Bhutan,BTN,2010,,63.34,Asia
Bhutan,BTN,2012,90.4,82.18,Asia
Bhutan,BTN,2017,93.27,92.89,Asia
Bhutan,BTN,2022,98.28,97.23,Asia
Bolivia,BOL,1976,91.47,75.84,South America
Bolivia,BOL,1992,96.32,91.57,South America
Bolivia,BOL,2000,98.4,96.3,South America
Bolivia,BOL,2001,98.55,96.11,South America
Bolivia,BOL,2002,99.1,97.1,South America
Bolivia,BOL,2003,99.47,96.67,South America
Bolivia,BOL,2004,99.6,98.6,South America
Bolivia,BOL,2005,99.3,98.4,South America
Bolivia,BOL,2006,99.4,97.4,South America
Bolivia,BOL,2007,99.75,99.14,South America
Bolivia,BOL,2008,99.39,98.88,South America
Bolivia,BOL,2009,99.69,99.08,South America
Bolivia,BOL,2011,99.25,98.77,South America
Bolivia,BOL,2012,99.16,98.83,South America
Bolivia,BOL,2013,99.5,99.2,South America
Bolivia,BOL,2014,99.7,99.2,South America
Bolivia,BOL,2015,99.39,99.4,South America
Bolivia,BOL,2016,99.5,99.3,South America
Bolivia,BOL,2017,99.4,99.3,South America
Bolivia,BOL,2018,99.7,99.4,South America
Bolivia,BOL,2019,99.7,99.4,South America
Bolivia,BOL,2020,99.58,99.53,South America
Bolivia,BOL,2021,99.5,99.5,South America
Bolivia,BOL,2023,99.43,99.6,South America
Bolivia,BOL,2024,99.85,99.7,South America
Bosnia and Herzegovina,BIH,1991,99.29,98.74,Europe
Bosnia and Herzegovina,BIH,2000,99.75,99.84,Europe
Bosnia and Herzegovina,BIH,2006,,99.82,Europe
Bosnia and Herzegovina,BIH,2013,99.66,99.67,Europe
Botswana,BWA,1991,85.9,92.25,Africa
Botswana,BWA,2003,92.08,95.6,Africa
Brazil,BRA,1980,82.56,85.24,South America
Brazil,BRA,2000,92.65,95.72,South America
Brazil,BRA,2001,94.7,96.9,South America
Brazil,BRA,2002,95.1,97.5,South America
Brazil,BRA,2003,95.6,97.7,South America
Brazil,BRA,2004,95.78,97.9,South America
Brazil,BRA,2005,96.1,98.1,South America
Brazil,BRA,2006,96.8,98.36,South America
Brazil,BRA,2007,97.06,98.56,South America
Brazil,BRA,2008,97.18,98.53,South America
Brazil,BRA,2009,97.45,98.69,South America
Brazil,BRA,2010,96.72,98.32,South America
Brazil,BRA,2011,97.91,99.07,South America
Brazil,BRA,2012,98.23,99.02,South America
Brazil,BRA,2013,98.25,99.23,South America
Brazil,BRA,2014,98.45,99.25,South America
Brazil,BRA,2015,98.6,99.35,South America
Brazil,BRA,2016,98.78,99.46,South America
Brazil,BRA,2017,98.84,99.48,South America
Brazil,BRA,2018,98.98,99.43,South America
Brazil,BRA,2019,98.7,99.5,South America
Brazil,BRA,2020,99.0,99.5,South America
Brazil,BRA,2021,99.1,99.5,South America
Brazil,BRA,2022,99.0,99.6,South America
Brazil,BRA,2023,99.0,99.6,South America
Brazil,BRA,2024,99.24,99.69,South America
Brunei,BRN,1981,94.06,93.24,Asia
Brunei,BRN,1991,98.11,98.08,Asia
Brunei,BRN,2001,98.87,98.91,Asia
Brunei,BRN,2011,99.2,99.55,Asia
Bulgaria,BGR,2001,98.31,98.11,Europe
Bulgaria,BGR,2011,98.07,97.65,Europe
Burkina Faso,BFA,1975,22.38,6.66,Africa
Burkina Faso,BFA,1991,26.79,14.17,Africa
Burkina Faso,BFA,1996,25.48,13.99,Africa
Burkina Faso,BFA,2003,38.38,24.81,Africa
Burkina Faso,BFA,2005,40.38,26.48,Africa
Burkina Faso,BFA,2006,39.82,26.53,Africa
Burkina Faso,BFA,2007,46.73,33.13,Africa
Burkina Faso,BFA,2010,47.04,27.24,Africa
Burkina Faso,BFA,2014,56.99,43.99,Africa
Burkina Faso,BFA,2018,63.86,54.45,Africa
Burkina Faso,BFA,2019,51.15,43.56,Africa
Burkina Faso,BFA,2021,66.65,58.76,Africa
Burkina Faso,BFA,2022,65.47,60.57,Africa
Burkina Faso,BFA,2023,,67.07696,Africa
Burundi,BDI,1979,40.93,21.49,Africa
Burundi,BDI,1990,59.5,48.01,Africa
Burundi,BDI,2000,76.78,70.37,Africa
Burundi,BDI,2005,,52.83,Africa
Burundi,BDI,2008,66.61,57.32,Africa
Burundi,BDI,2010,82.66,66.51,Africa
Burundi,BDI,2014,85.29,74.96,Africa
Burundi,BDI,2016,86.76,82.09,Africa
Burundi,BDI,2017,91.03,85.62,Africa
Burundi,BDI,2020,88.23915,88.52026,Africa
Cambodia,KHM,1998,81.85,71.07,Asia
Cambodia,KHM,2000,,54.67,Asia
Cambodia,KHM,2004,87.92,78.9,Asia
Cambodia,KHM,2005,100.0,67.33,Asia
Cambodia,KHM,2008,89.38,85.53,Asia
Cambodia,KHM,2009,88.36,85.85,Asia
Cambodia,KHM,2010,80.6,78.02,Asia
Cambodia,KHM,2013,91.27,90.23,Asia
Cambodia,KHM,2014,89.92,90.37,Asia
Cambodia,KHM,2015,91.86,92.57,Asia
Cambodia,KHM,2019,94.41,95.1,Asia
Cambodia,KHM,2020,93.20434,95.40721,Asia
Cambodia,KHM,2021,90.31,93.51,Asia
Cambodia,KHM,2023,95.8949,97.25976,Asia
Cameroon,CMR,1976,79.59,59.06,Africa
Cameroon,CMR,2000,88.42,77.96,Africa
Cameroon,CMR,2004,81.39,67.65,Africa
Cameroon,CMR,2006,,64.67,Africa
Cameroon,CMR,2007,89.42,77.48,Africa
Cameroon,CMR,2010,85.4,76.42,Africa
Cameroon,CMR,2011,86.92,73.41,Africa
Cameroon,CMR,2018,87.6,76.39,Africa
Cape Verde,CPV,1990,89.95,86.42,Africa
Cape Verde,CPV,2009,96.15344,97.89744,Africa
Cape Verde,CPV,2012,97.87,98.4,Africa
Cape Verde,CPV,2015,97.59,98.73,Africa
Cape Verde,CPV,2024,98.46,98.16,Africa
Cayman Islands,CYM,2007,99.14,98.62,North America
Cayman Islands,CYM,2017,99.14,98.62,North America
Central African Republic,CAF,1975,56.26,20.34,Africa
Central African Republic,CAF,1988,62.56,34.85,Africa
Central African Republic,CAF,2000,72.59,49.02,Africa
Central African Republic,CAF,2006,,21.51,Africa
Central African Republic,CAF,2010,,27.63,Africa
Central African Republic,CAF,2019,64.9,36.68,Africa
Central and Southern Asia (SDG),,1975,63.86,36.13,
Central and Southern Asia (SDG),,1976,63.86,36.18,
Central and Southern Asia (SDG),,1977,64.29,37.29,
Central and Southern Asia (SDG),,1978,64.63,38.4,
Central and Southern Asia (SDG),,1979,64.89,39.51,
Central and Southern Asia (SDG),,1980,65.08,40.51,
Central and Southern Asia (SDG),,1981,65.13,41.38,
Central and Southern Asia (SDG),,1982,65.34,42.47,
Central and Southern Asia (SDG),,1983,65.51,43.58,
Central and Southern Asia (SDG),,1984,65.62,44.66,
Central and Southern Asia (SDG),,1985,65.78,45.73,
Central and Southern Asia (SDG),,1986,65.97,46.83,
Central and Southern Asia (SDG),,1987,66.23,47.89,
Central and Southern Asia (SDG),,1988,69.02,45.87,
Central and Southern Asia (SDG),,1989,69.85,47.49,
Central and Southern Asia (SDG),,1990,70.73,49.31,
Central and Southern Asia (SDG),,1991,71.37,50.84,
Central and Southern Asia (SDG),,1992,72.68,52.29,
Central and Southern Asia (SDG),,1993,73.97,53.72,
Central and Southern Asia (SDG),,1994,74.59,55.25,
Central and Southern Asia (SDG),,1995,75.26,56.93,
Central and Southern Asia (SDG),,1996,75.91,58.46,
Central and Southern Asia (SDG),,1997,76.52,59.81,
Central and Southern Asia (SDG),,1998,80.42,62.44,
Central and Southern Asia (SDG),,1999,81.01,64.23,
Central and Southern Asia (SDG),,2000,81.5,65.93,
Central and Southern Asia (SDG),,2001,81.98,67.56,
Central and Southern Asia (SDG),,2002,82.5,69.17,
Central and Southern Asia (SDG),,2003,83.58,70.39,
Central and Southern Asia (SDG),,2004,83.99,71.89,
Central and Southern Asia (SDG),,2005,85.56,72.11,
Central and Southern Asia (SDG),,2006,84.48,73.06,
Central and Southern Asia (SDG),,2007,84.73,74.58,
Central and Southern Asia (SDG),,2008,85.62,76.15,
Central and Southern Asia (SDG),,2009,86.09,77.68,
Central and Southern Asia (SDG),,2010,87.63,79.07,
Central and Southern Asia (SDG),,2011,87.71,80.12,
Central and Southern Asia (SDG),,2012,88.06,80.96,
Central and Southern Asia (SDG),,2013,89.14,82.66,
Central and Southern Asia (SDG),,2014,89.48,83.8,
Central and Southern Asia (SDG),,2015,90.08,85.19,
Central and Southern Asia (SDG),,2016,90.82,86.56,
Central and Southern Asia (SDG),,2017,91.22,87.13,
Central and Southern Asia (SDG),,2018,91.15,86.92,
Central and Southern Asia (SDG),,2019,93.78,89.29,
Central and Southern Asia (SDG),,2020,94.02,89.96,
Central and Southern Asia (SDG),,2021,94.32,90.62,
Central and Southern Asia (SDG),,2022,94.46,91.15,
Central and Southern Asia (SDG),,2023,94.74,91.82,
Central and Southern Asia (SDG),,2024,94.98,92.42,
Chad,TCD,1993,26.25,8.95,Africa
Chad,TCD,2000,55.69,23.24,Africa
Chad,TCD,2004,53.71,30.77,Africa
Chad,TCD,2010,,16.88,Africa
Chad,TCD,2016,40.69,22.39,Africa
Chad,TCD,2019,56.26,33.32,Africa
Chile,CHL,1982,96.18,97.12,South America
Chile,CHL,1992,98.16,98.7,South America
Chile,CHL,2000,98.9,99.3,South America
Chile,CHL,2002,98.8,99.18,South America
Chile,CHL,2003,98.9,99.4,South America
Chile,CHL,2006,98.9,99.3,South America
Chile,CHL,2009,99.2,99.5,South America
Chile,CHL,2011,99.21,99.61,South America
Chile,CHL,2013,99.01,99.09,South America
Chile,CHL,2015,99.27,99.44,South America
Chile,CHL,2017,99.01,99.01,South America
Chile,CHL,2022,99.1,99.5,South America
China,CHN,1982,95.21,82.1,Asia
China,CHN,1990,96.98,91.45,Asia
China,CHN,2000,99.2,98.5,Asia
China,CHN,2010,99.69,99.59,Asia
China,CHN,2020,99.75,99.76,Asia
Colombia,COL,1993,94.64,96.28,South America
Colombia,COL,1996,96.39,97.57,South America
Colombia,COL,2000,,100.0,South America
Colombia,COL,2002,96.9,98.0,South America
Colombia,COL,2003,96.7,98.3,South America
Colombia,COL,2004,97.55,98.41,South America
Colombia,COL,2005,97.52,98.37,South America
Colombia,COL,2006,97.53,98.19,South America
Colombia,COL,2007,97.48,98.42,South America
Colombia,COL,2008,97.55,98.43,South America
Colombia,COL,2009,97.44,98.43,South America
Colombia,COL,2010,97.68,98.52,South America
Colombia,COL,2011,97.76,98.72,South America
Colombia,COL,2012,97.8,98.7,South America
Colombia,COL,2013,97.8,98.8,South America
Colombia,COL,2014,98.11,98.97,South America
Colombia,COL,2015,98.16,98.92,South America
Colombia,COL,2016,98.31,99.03,South America
Colombia,COL,2017,98.3,99.0,South America
Colombia,COL,2018,98.63,99.07,South America
Colombia,COL,2019,98.5,99.16,South America
Colombia,COL,2020,98.73,99.29,South America
Colombia,COL,2021,98.8,99.4,South America
Colombia,COL,2022,98.6,99.2,South America
Colombia,COL,2023,98.7,99.2,South America
Colombia,COL,2024,98.42,99.53,South America
Comoros,COM,1980,69.36,54.9,Africa
Comoros,COM,2000,83.95,77.56,Africa
Comoros,COM,2012,85.0,78.59,Africa
Comoros,COM,2014,87.35409,84.79115,Africa
Comoros,COM,2021,90.2747,91.43615,Africa
Congo,COG,1984,92.42,82.83,Africa
Congo,COG,2005,88.25,70.54,Africa
Costa Rica,CRI,1984,96.75,97.54,North America
Costa Rica,CRI,2000,97.2,98.04,North America
Costa Rica,CRI,2011,99.01,99.26,North America
Costa Rica,CRI,2018,,99.63,North America
Cote d'Ivoire,CIV,1988,59.93,37.85,Africa
Cote d'Ivoire,CIV,1998,54.4,39.85,Africa
Cote d'Ivoire,CIV,2000,70.84,52.13,Africa
Cote d'Ivoire,CIV,2006,,38.57,Africa
Cote d'Ivoire,CIV,2014,59.12,47.04,Africa
Cote d'Ivoire,CIV,2016,71.99,54.74,Africa
Cote d'Ivoire,CIV,2019,76.12893,61.00851,Africa
Cote d'Ivoire,CIV,2021,76.16,58.32,Africa
Cote d'Ivoire,CIV,2022,82.1118,,Africa
Croatia,HRV,1991,99.67,99.6,Europe
Croatia,HRV,2001,99.64,99.65,Europe
Cuba,CUB,2002,99.96,99.95,North America
Cuba,CUB,2012,99.86,99.9,North America
Cuba,CUB,2019,99.53,99.71,North America
Cyprus,CYP,1992,99.58,99.66,Europe
Cyprus,CYP,2001,99.74,99.82,Europe
Cyprus,CYP,2011,99.8,99.84,Europe
Democratic Republic of Congo,COD,2001,77.98,63.09,Africa
Democratic Republic of Congo,COD,2007,87.36,62.97,Africa
Democratic Republic of Congo,COD,2010,,64.32,Africa
Democratic Republic of Congo,COD,2012,91.05,76.66,Africa
Democratic Republic of Congo,COD,2013,92.56,76.58,Africa
Democratic Republic of Congo,COD,2016,90.96,79.71,Africa
Democratic Republic of Congo,COD,2018,90.82,77.54,Africa
Democratic Republic of Congo,COD,2020,,68.61347,Africa
Democratic Republic of Congo,COD,2023,87.8,68.28,Africa
Djibouti,DJI,2006,,51.81,Africa
Djibouti,DJI,2017,84.59259,74.57285,Africa
Dominican Republic,DOM,1981,81.26,83.94,North America
Dominican Republic,DOM,2000,93.2,96.5,North America
Dominican Republic,DOM,2001,94.3,96.6,North America
Dominican Republic,DOM,2002,93.0,95.42,North America
Dominican Republic,DOM,2003,94.7,96.9,North America
Dominican Republic,DOM,2004,95.2,96.7,North America
Dominican Republic,DOM,2005,96.2,97.3,North America
Dominican Republic,DOM,2006,95.3,97.9,North America
Dominican Republic,DOM,2007,94.63,96.93,North America
Dominican Republic,DOM,2008,95.6,97.4,North America
Dominican Republic,DOM,2009,96.2,98.4,North America
Dominican Republic,DOM,2010,95.78,97.88,North America
Dominican Republic,DOM,2011,96.09,98.05,North America
Dominican Republic,DOM,2012,96.32,97.77,North America
Dominican Republic,DOM,2013,96.76,98.25,North America
Dominican Republic,DOM,2014,97.35,98.04,North America
Dominican Republic,DOM,2015,97.23,98.03,North America
Dominican Republic,DOM,2016,98.81,98.87,North America
Dominican Republic,DOM,2017,97.8,98.4,North America
Dominican Republic,DOM,2018,98.0,99.1,North America
Dominican Republic,DOM,2019,98.3,97.83,North America
Dominican Republic,DOM,2020,98.6,99.1,North America
Dominican Republic,DOM,2021,98.7,99.0,North America
Dominican Republic,DOM,2022,98.1,98.9,North America
Dominican Republic,DOM,2023,98.3,98.8,North America
Dominican Republic,DOM,2024,97.65,98.79,North America
East Asia and Pacific (WB),WB_EAP,1976,92.11,75.8,
East Asia and Pacific (WB),WB_EAP,1977,92.16,76.1,
East Asia and Pacific (WB),WB_EAP,1978,92.71,77.89,
East Asia and Pacific (WB),WB_EAP,1979,93.22,79.74,
East Asia and Pacific (WB),WB_EAP,1980,93.65,81.54,
East Asia and Pacific (WB),WB_EAP,1981,94.0,83.12,
East Asia and Pacific (WB),WB_EAP,1982,94.26,84.4,
East Asia and Pacific (WB),WB_EAP,1983,94.53,85.62,
East Asia and Pacific (WB),WB_EAP,1984,94.78,86.65,
East Asia and Pacific (WB),WB_EAP,1985,95.0,87.46,
East Asia and Pacific (WB),WB_EAP,1986,95.16,88.12,
East Asia and Pacific (WB),WB_EAP,1987,96.01,89.43,
East Asia and Pacific (WB),WB_EAP,1988,96.43,91.42,
East Asia and Pacific (WB),WB_EAP,1989,96.42,91.76,
East Asia and Pacific (WB),WB_EAP,1990,96.42,92.07,
East Asia and Pacific (WB),WB_EAP,1991,96.44,92.4,
East Asia and Pacific (WB),WB_EAP,1992,96.47,92.71,
East Asia and Pacific (WB),WB_EAP,1993,96.48,92.97,
East Asia and Pacific (WB),WB_EAP,1994,96.59,93.37,
East Asia and Pacific (WB),WB_EAP,1995,96.71,93.77,
East Asia and Pacific (WB),WB_EAP,1996,96.81,94.09,
East Asia and Pacific (WB),WB_EAP,1997,98.03,96.97,
East Asia and Pacific (WB),WB_EAP,1998,98.05,97.08,
East Asia and Pacific (WB),WB_EAP,1999,98.05,97.21,
East Asia and Pacific (WB),WB_EAP,2000,98.08,97.22,
East Asia and Pacific (WB),WB_EAP,2001,98.08,97.35,
East Asia and Pacific (WB),WB_EAP,2002,98.12,97.48,
East Asia and Pacific (WB),WB_EAP,2003,98.19,97.7,
East Asia and Pacific (WB),WB_EAP,2004,98.28,97.83,
East Asia and Pacific (WB),WB_EAP,2005,98.33,97.96,
East Asia and Pacific (WB),WB_EAP,2006,98.16,97.79,
East Asia and Pacific (WB),WB_EAP,2007,98.5,98.19,
East Asia and Pacific (WB),WB_EAP,2008,98.8,98.61,
East Asia and Pacific (WB),WB_EAP,2009,98.74,98.6,
East Asia and Pacific (WB),WB_EAP,2010,98.56,98.37,
East Asia and Pacific (WB),WB_EAP,2011,98.62,98.44,
East Asia and Pacific (WB),WB_EAP,2012,98.64,98.49,
East Asia and Pacific (WB),WB_EAP,2013,98.65,98.62,
East Asia and Pacific (WB),WB_EAP,2014,98.84,98.89,
East Asia and Pacific (WB),WB_EAP,2015,98.92,98.91,
East Asia and Pacific (WB),WB_EAP,2016,98.94,98.95,
East Asia and Pacific (WB),WB_EAP,2017,98.93,98.97,
East Asia and Pacific (WB),WB_EAP,2018,98.81,98.92,
East Asia and Pacific (WB),WB_EAP,2019,98.84,98.95,
East Asia and Pacific (WB),WB_EAP,2020,98.94,99.02,
East Asia and Pacific (WB),WB_EAP,2021,98.96,99.06,
East Asia and Pacific (WB),WB_EAP,2022,98.99,99.11,
East Asia and Pacific (WB),WB_EAP,2023,99.01,99.14,
East Asia and Pacific (WB),WB_EAP,2024,99.03,99.18,
East Timor,TLS,2009,87.25,83.71,Asia
East Timor,TLS,2010,80.49,78.57,Asia
East Timor,TLS,2015,84.68,84.07,Asia
East Timor,TLS,2016,89.55,88.73,Asia
East Timor,TLS,2022,86.39,85.87,Asia
Eastern and South-Eastern Asia (SDG),,1976,92.19,75.7,
Eastern and South-Eastern Asia (SDG),,1977,92.24,76.0,
Eastern and South-Eastern Asia (SDG),,1978,92.79,77.82,
Eastern and South-Eastern Asia (SDG),,1979,93.31,79.69,
Eastern and South-Eastern Asia (SDG),,1980,93.74,81.52,
Eastern and South-Eastern Asia (SDG),,1981,94.1,83.12,
Eastern and South-Eastern Asia (SDG),,1982,94.35,84.42,
Eastern and South-Eastern Asia (SDG),,1983,94.62,85.64,
Eastern and South-Eastern Asia (SDG),,1984,94.88,86.68,
Eastern and South-Eastern Asia (SDG),,1985,95.09,87.5,
Eastern and South-Eastern Asia (SDG),,1986,95.25,88.17,
Eastern and South-Eastern Asia (SDG),,1987,96.1,89.49,
Eastern and South-Eastern Asia (SDG),,1988,96.53,91.5,
Eastern and South-Eastern Asia (SDG),,1989,96.52,91.85,
Eastern and South-Eastern Asia (SDG),,1990,96.52,92.16,
Eastern and South-Eastern Asia (SDG),,1991,96.54,92.49,
Eastern and South-Eastern Asia (SDG),,1992,96.57,92.81,
Eastern and South-Eastern Asia (SDG),,1993,96.59,93.07,
Eastern and South-Eastern Asia (SDG),,1994,96.7,93.48,
Eastern and South-Eastern Asia (SDG),,1995,96.83,93.89,
Eastern and South-Eastern Asia (SDG),,1996,96.93,94.21,
Eastern and South-Eastern Asia (SDG),,1997,98.17,97.13,
Eastern and South-Eastern Asia (SDG),,1998,98.19,97.24,
Eastern and South-Eastern Asia (SDG),,1999,98.2,97.38,
Eastern and South-Eastern Asia (SDG),,2000,98.24,97.39,
Eastern and South-Eastern Asia (SDG),,2001,98.24,97.51,
Eastern and South-Eastern Asia (SDG),,2002,98.29,97.65,
Eastern and South-Eastern Asia (SDG),,2003,98.36,97.87,
Eastern and South-Eastern Asia (SDG),,2004,98.45,98.0,
Eastern and South-Eastern Asia (SDG),,2005,98.51,98.13,
Eastern and South-Eastern Asia (SDG),,2006,98.34,97.95,
Eastern and South-Eastern Asia (SDG),,2007,98.69,98.36,
Eastern and South-Eastern Asia (SDG),,2008,99.01,98.78,
Eastern and South-Eastern Asia (SDG),,2009,98.94,98.77,
Eastern and South-Eastern Asia (SDG),,2010,98.77,98.53,
Eastern and South-Eastern Asia (SDG),,2011,98.84,98.61,
Eastern and South-Eastern Asia (SDG),,2012,98.86,98.67,
Eastern and South-Eastern Asia (SDG),,2013,98.88,98.81,
Eastern and South-Eastern Asia (SDG),,2014,99.09,99.09,
Eastern and South-Eastern Asia (SDG),,2015,99.19,99.13,
Eastern and South-Eastern Asia (SDG),,2016,99.22,99.18,
Eastern and South-Eastern Asia (SDG),,2017,99.22,99.2,
Eastern and South-Eastern Asia (SDG),,2018,99.11,99.16,
Eastern and South-Eastern Asia (SDG),,2019,99.14,99.2,
Eastern and South-Eastern Asia (SDG),,2020,99.25,99.28,
Eastern and South-Eastern Asia (SDG),,2021,99.28,99.32,
Eastern and South-Eastern Asia (SDG),,2022,99.31,99.38,
Eastern and South-Eastern Asia (SDG),,2023,99.33,99.41,
Eastern and South-Eastern Asia (SDG),,2024,99.35,99.45,
Ecuador,ECU,1982,94.55,92.28,South America
Ecuador,ECU,1990,96.58,95.83,South America
Ecuador,ECU,2001,96.38,96.49,South America
Ecuador,ECU,2003,96.5,97.4,South America
Ecuador,ECU,2005,98.3,98.2,South America
Ecuador,ECU,2006,98.3,98.1,South America
Ecuador,ECU,2007,98.23,98.56,South America
Ecuador,ECU,2008,98.43,98.48,South America
Ecuador,ECU,2009,98.72,98.88,South America
Ecuador,ECU,2010,98.47,98.85,South America
Ecuador,ECU,2011,98.59,98.81,South America
Ecuador,ECU,2012,98.77,98.89,South America
Ecuador,ECU,2013,98.58,98.63,South America
Ecuador,ECU,2014,99.01,99.19,South America
Ecuador,ECU,2015,99.34,98.91,South America
Ecuador,ECU,2016,98.98,99.14,South America
Ecuador,ECU,2017,99.11,99.4,South America
Ecuador,ECU,2018,98.9,99.1,South America
Ecuador,ECU,2019,98.2,98.8,South America
Ecuador,ECU,2020,98.5,99.09,South America
Ecuador,ECU,2021,98.56,99.49,South America
Ecuador,ECU,2022,99.57,99.68,South America
Ecuador,ECU,2023,99.0,99.3,South America
Ecuador,ECU,2024,98.8,99.19,South America
Egypt,EGY,1976,63.04,38.12,Africa
Egypt,EGY,1986,71.38,54.0,Africa
Egypt,EGY,1996,78.99,66.93,Africa
Egypt,EGY,2000,,77.19,Africa
Egypt,EGY,2005,90.08,78.78,Africa
Egypt,EGY,2006,87.86,81.75,Africa
Egypt,EGY,2010,90.56,84.31,Africa
Egypt,EGY,2012,92.36,86.05,Africa
Egypt,EGY,2013,93.65,90.33,Africa
Egypt,EGY,2014,,94.08,Africa
Egypt,EGY,2017,89.48,86.81,Africa
Egypt,EGY,2021,97.22512,95.931595,Africa
Egypt,EGY,2022,95.50548,94.81636,Africa
El Salvador,SLV,1992,84.95,84.95,North America
El Salvador,SLV,2000,92.2,92.6,North America
El Salvador,SLV,2001,93.5,93.6,North America
El Salvador,SLV,2002,92.9,93.6,North America
El Salvador,SLV,2003,93.3,93.4,North America
El Salvador,SLV,2004,93.7,94.0,North America
El Salvador,SLV,2005,94.9,94.9,North America
El Salvador,SLV,2006,94.4,95.45,North America
El Salvador,SLV,2007,93.22,93.89,North America
El Salvador,SLV,2008,95.41,96.48,North America
El Salvador,SLV,2009,94.71,95.32,North America
El Salvador,SLV,2010,95.67,96.39,North America
El Salvador,SLV,2011,96.15,96.95,North America
El Salvador,SLV,2012,96.7,97.6,North America
El Salvador,SLV,2013,96.95,97.5,North America
El Salvador,SLV,2014,97.3,98.2,North America
El Salvador,SLV,2015,97.46,98.43,North America
El Salvador,SLV,2016,97.72,98.28,North America
El Salvador,SLV,2017,97.8,98.15,North America
El Salvador,SLV,2018,97.73,98.21,North America
El Salvador,SLV,2019,97.98,98.69,North America
El Salvador,SLV,2020,98.31,98.72,North America
El Salvador,SLV,2021,97.8,98.3,North America
El Salvador,SLV,2022,98.0,98.6,North America
El Salvador,SLV,2023,97.56,98.5,North America
El Salvador,SLV,2024,97.87,98.6,North America
Equatorial Guinea,GNQ,2000,97.61,96.62,Africa
Eritrea,ERI,2002,86.25,69.48,Africa
Eritrea,ERI,2008,91.29,82.58,Africa
Estonia,EST,1989,99.83,99.9,Europe
Estonia,EST,2000,99.73,99.81,Europe
Estonia,EST,2011,99.94,99.96,Europe
Eswatini,SWZ,1976,76.08,74.98,Africa
Eswatini,SWZ,1986,83.09,84.3,Africa
Eswatini,SWZ,2000,90.69,92.94,Africa
Eswatini,SWZ,2006,88.81,93.58,Africa
Eswatini,SWZ,2010,,96.32,Africa
Eswatini,SWZ,2014,,100.0,Africa
Eswatini,SWZ,2022,98.55,98.78,Africa
Ethiopia,ETH,1994,39.29,28.08,Africa
Ethiopia,ETH,2000,49.47,27.02,Africa
Ethiopia,ETH,2004,62.2,38.5,Africa
Ethiopia,ETH,2005,60.07,34.06,Africa
Ethiopia,ETH,2007,62.97,47.04,Africa
Ethiopia,ETH,2011,65.08,43.65,Africa
Ethiopia,ETH,2013,78.101234,65.74705,Africa
Ethiopia,ETH,2016,79.13,64.57,Africa
Ethiopia,ETH,2019,82.37,76.03,Africa
Ethiopia,ETH,2021,84.55214,74.98445,Africa
Ethiopia,ETH,2022,88.42,80.92,Africa
Europe and Central Asia (WB),WB_ECA,1988,99.16,98.45,
Europe and Central Asia (WB),WB_ECA,1989,99.27,98.4,
Europe and Central Asia (WB),WB_ECA,1990,99.27,98.47,
Europe and Central Asia (WB),WB_ECA,1991,99.28,98.53,
Europe and Central Asia (WB),WB_ECA,1992,99.14,98.53,
Europe and Central Asia (WB),WB_ECA,1993,99.14,98.58,
Europe and Central Asia (WB),WB_ECA,1994,99.15,98.64,
Europe and Central Asia (WB),WB_ECA,1995,99.15,98.69,
Europe and Central Asia (WB),WB_ECA,1996,99.16,98.75,
Europe and Central Asia (WB),WB_ECA,1997,99.17,98.79,
Europe and Central Asia (WB),WB_ECA,1998,99.14,98.82,
Europe and Central Asia (WB),WB_ECA,1999,99.12,98.84,
Europe and Central Asia (WB),WB_ECA,2000,99.27,98.83,
Europe and Central Asia (WB),WB_ECA,2001,99.29,98.86,
Europe and Central Asia (WB),WB_ECA,2002,99.35,98.91,
Europe and Central Asia (WB),WB_ECA,2003,99.35,98.93,
Europe and Central Asia (WB),WB_ECA,2004,99.33,98.94,
Europe and Central Asia (WB),WB_ECA,2005,99.37,99.01,
Europe and Central Asia (WB),WB_ECA,2006,99.38,99.03,
Europe and Central Asia (WB),WB_ECA,2007,99.4,99.05,
Europe and Central Asia (WB),WB_ECA,2008,99.42,99.09,
Europe and Central Asia (WB),WB_ECA,2009,99.53,99.31,
Europe and Central Asia (WB),WB_ECA,2010,99.56,99.39,
Europe and Central Asia (WB),WB_ECA,2011,99.6,99.46,
Europe and Central Asia (WB),WB_ECA,2012,99.62,99.51,
Europe and Central Asia (WB),WB_ECA,2013,99.64,99.55,
Europe and Central Asia (WB),WB_ECA,2014,99.66,99.58,
Europe and Central Asia (WB),WB_ECA,2015,99.66,99.61,
Europe and Central Asia (WB),WB_ECA,2016,99.68,99.63,
Europe and Central Asia (WB),WB_ECA,2017,99.69,99.68,
Europe and Central Asia (WB),WB_ECA,2018,99.74,99.72,
Europe and Central Asia (WB),WB_ECA,2019,99.75,99.74,
Europe and Central Asia (WB),WB_ECA,2020,99.74,99.75,
Europe and Central Asia (WB),WB_ECA,2021,99.77,99.76,
Europe and Central Asia (WB),WB_ECA,2022,99.77,99.76,
Europe and Central Asia (WB),WB_ECA,2023,99.77,99.76,
Europe and Northern America (SDG),,2002,99.47,99.5,
Europe and Northern America (SDG),,2003,99.48,99.51,
Europe and Northern America (SDG),,2004,99.49,99.52,
Europe and Northern America (SDG),,2005,99.49,99.52,
Europe and Northern America (SDG),,2006,99.51,99.52,
Europe and Northern America (SDG),,2007,99.5,99.53,
Europe and Northern America (SDG),,2018,99.67,99.64,
Europe and Northern America (SDG),,2019,99.68,99.65,
Europe and Northern America (SDG),,2020,99.67,99.65,
Europe and Northern America (SDG),,2021,99.69,99.65,
Europe and Northern America (SDG),,2022,99.69,99.65,
Fiji,FJI,2021,96.11,99.41,Oceania
Gabon,GAB,1993,94.41,92.11,Africa
Gabon,GAB,2012,94.88,93.77,Africa
Gabon,GAB,2021,94.96,93.04,Africa
Gambia,GMB,2000,64.34,41.39,Africa
Gambia,GMB,2006,,48.15,Africa
Gambia,GMB,2013,78.39,65.85,Africa
Gambia,GMB,2015,70.74,64.45,Africa
Gambia,GMB,2018,74.98,67.01,Africa
Gambia,GMB,2021,72.02,62.55,Africa
Georgia,GEO,2002,99.79,99.86,Asia
Georgia,GEO,2005,,99.9,Asia
Georgia,GEO,2014,99.68,99.73,Asia
Georgia,GEO,2017,99.77,99.49,Asia
Georgia,GEO,2018,99.9,99.94,Asia
Georgia,GEO,2019,100.0,100.0,Asia
Georgia,GEO,2020,100.0,100.0,Asia
Georgia,GEO,2021,100.0,100.0,Asia
Georgia,GEO,2022,99.51,99.89,Asia
Georgia,GEO,2023,98.88,99.84,Asia
Georgia,GEO,2024,99.56,99.78,Asia
Ghana,GHA,2000,75.95,65.49,Africa
Ghana,GHA,2003,84.77,73.05,Africa
Ghana,GHA,2006,,76.92,Africa
Ghana,GHA,2010,88.31,83.23,Africa
Ghana,GHA,2011,,84.6,Africa
Ghana,GHA,2014,91.17,83.65,Africa
Ghana,GHA,2015,85.08682,76.89812,Africa
Ghana,GHA,2017,89.77,85.25,Africa
Ghana,GHA,2021,91.74,91.3,Africa
Greece,GRC,1981,99.05,98.88,Europe
Greece,GRC,1991,98.99,98.98,Europe
Greece,GRC,2001,98.89,98.99,Europe
Greece,GRC,2009,99.51,99.47,Europe
Grenada,GRD,1970,98.85,99.08,North America
Guadeloupe,GLP,1982,98.09,98.9,North America
Guam,GUM,1980,95.36,95.91,Oceania
Guam,GUM,1990,99.9,99.85,Oceania
Guatemala,GTM,1994,81.72,70.72,North America
Guatemala,GTM,2000,87.7,76.3,North America
Guatemala,GTM,2002,86.38,78.39,North America
Guatemala,GTM,2006,91.4,84.8,North America
Guatemala,GTM,2012,95.47,91.94,North America
Guatemala,GTM,2013,94.18,89.77,North America
Guatemala,GTM,2014,95.48,93.27,North America
Guatemala,GTM,2015,96.67,93.62,North America
Guatemala,GTM,2018,95.38,93.87,North America
Guatemala,GTM,2022,95.86,94.21,North America
Guatemala,GTM,2023,97.3,96.7,North America
Guatemala,GTM,2024,95.7,95.1,North America
Guinea,GIN,1996,44.12,13.47,Africa
Guinea,GIN,2003,59.46,34.07,Africa
Guinea,GIN,2005,64.19,24.12,Africa
Guinea,GIN,2010,37.57,21.8,Africa
Guinea,GIN,2014,56.97,37.21,Africa
Guinea,GIN,2016,,46.63,Africa
Guinea,GIN,2018,69.64,43.47,Africa
Guinea-Bissau,GNB,1979,59.69,17.8,Africa
Guinea-Bissau,GNB,2000,74.8,45.9,Africa
Guinea-Bissau,GNB,2006,,35.78,Africa
Guinea-Bissau,GNB,2014,,100.0,Africa
Guinea-Bissau,GNB,2019,81.83,68.59,Africa
Guinea-Bissau,GNB,2022,86.2,78.27,Africa
Guyana,GUY,2006,,100.0,South America
Guyana,GUY,2009,95.71,95.91,South America
Guyana,GUY,2014,,100.0,South America
Guyana,GUY,2020,99.27,99.03,South America
Haiti,HTI,1982,51.26,51.05,North America
Haiti,HTI,2003,82.66,80.69,North America
Haiti,HTI,2012,93.36575,92.985825,North America
Haiti,HTI,2017,88.38,89.33,North America
High-income countries,OWID_HIC,2004,98.71,98.64,
High-income countries,OWID_HIC,2005,98.75,98.7,
High-income countries,OWID_HIC,2020,99.24,99.25,
High-income countries,OWID_HIC,2021,99.3,99.28,
Honduras,HND,2001,86.89,90.91,North America
Honduras,HND,2004,90.2,91.5,North America
Honduras,HND,2005,89.9,93.6,North America
Honduras,HND,2007,92.7,95.05,North America
Honduras,HND,2009,92.6,95.2,North America
Honduras,HND,2010,94.45,95.88,North America
Honduras,HND,2011,94.93,96.93,North America
Honduras,HND,2012,94.0,95.99,North America
Honduras,HND,2013,93.85,96.3,North America
Honduras,HND,2014,95.05,96.29,North America
Honduras,HND,2015,94.99,97.0,North America
Honduras,HND,2016,94.95,97.25,North America
Honduras,HND,2018,94.89,98.19,North America
Honduras,HND,2019,94.84,97.29,North America
Honduras,HND,2022,94.71452,97.47949,North America
Honduras,HND,2023,94.64,96.47,North America
Honduras,HND,2024,94.83,96.62,North America
Hungary,HUN,1980,99.42,99.32,Europe
India,IND,1981,66.31,40.32,Asia
India,IND,1991,73.51,49.35,Asia
India,IND,2001,84.19,67.75,Asia
India,IND,2006,88.41,74.36,Asia
India,IND,2010,92.28997,83.02605,Asia
India,IND,2011,90.04,81.85,Asia
India,IND,2012,93.432365,86.09988,Asia
India,IND,2016,93.55,86.74,Asia
India,IND,2018,96.307625,92.71818,Asia
India,IND,2019,96.24289,93.173134,Asia
India,IND,2020,96.53685,94.687584,Asia
India,IND,2021,97.07471,94.60402,Asia
India,IND,2022,97.44,95.54,Asia
India,IND,2023,97.93,96.07,Asia
India,IND,2024,97.99011,96.64052,Asia
Indonesia,IDN,1980,89.59,81.65,Asia
Indonesia,IDN,1990,97.4,95.07,Asia
Indonesia,IDN,2004,98.87,98.54,Asia
Indonesia,IDN,2006,97.03,96.27,Asia
Indonesia,IDN,2008,99.54,99.38,Asia
Indonesia,IDN,2009,99.55,99.4,Asia
Indonesia,IDN,2010,98.5,98.62,Asia
Indonesia,IDN,2011,98.8,98.75,Asia
Indonesia,IDN,2014,99.68,99.68,Asia
Indonesia,IDN,2015,99.7,99.64,Asia
Indonesia,IDN,2016,99.68,99.65,Asia
Indonesia,IDN,2017,99.93,99.29,Asia
Indonesia,IDN,2018,99.72,99.7,Asia
Indonesia,IDN,2020,99.78,99.78,Asia
Indonesia,IDN,2022,92.91,94.72,Asia
Iran,IRN,1976,70.9,42.33,Asia
Iran,IRN,1986,84.53,65.59,Asia
Iran,IRN,1991,92.44,81.2,Asia
Iran,IRN,1996,95.52,90.56,Asia
Iran,IRN,2005,98.11,96.74,Asia
Iran,IRN,2006,97.15,96.13,Asia
Iran,IRN,2008,98.26,97.47,Asia
Iran,IRN,2009,98.1177,97.11642,Asia
Iran,IRN,2010,98.20187,97.367546,Asia
Iran,IRN,2011,97.04,96.35,Asia
Iran,IRN,2012,98.33,97.66,Asia
Iran,IRN,2013,98.11,97.44,Asia
Iran,IRN,2014,98.19,97.68,Asia
Iran,IRN,2015,98.13304,97.6524,Asia
Iran,IRN,2016,98.27,97.93,Asia
Iran,IRN,2017,98.24561,98.08512,Asia
Iran,IRN,2018,98.29356,98.11491,Asia
Iran,IRN,2019,98.541725,98.39039,Asia
Iran,IRN,2020,98.564964,98.31657,Asia
Iran,IRN,2021,98.68678,98.48548,Asia
Iran,IRN,2022,98.59341,98.70787,Asia
Iran,IRN,2023,98.851654,98.6179,Asia
Iraq,IRQ,2000,88.91,80.49,Asia
Iraq,IRQ,2006,,72.85,Asia
Iraq,IRQ,2011,,71.93,Asia
Iraq,IRQ,2012,87.3,79.4,Asia
Iraq,IRQ,2014,91.9,85.5,Asia
Iraq,IRQ,2016,93.4,88.3,Asia
Iraq,IRQ,2017,94.9,92.1,Asia
Iraq,IRQ,2018,,87.38,Asia
Iraq,IRQ,2021,93.799,90.88234,Asia
Israel,ISR,1983,99.05,98.05,Asia
Italy,ITA,1981,99.7,99.59,Europe
Italy,ITA,2001,99.8,99.82,Europe
Italy,ITA,2011,99.85,99.87,Europe
Italy,ITA,2019,99.83,99.93,Europe
Jamaica,JAM,1999,87.31,96.3,North America
Jamaica,JAM,2005,,99.77,North America
Jamaica,JAM,2011,,99.72,North America
Jamaica,JAM,2022,88.23,99.3,North America
Jordan,JOR,1979,95.79,84.83,Asia
Jordan,JOR,2003,99.33,98.91,Asia
Jordan,JOR,2005,98.93,99.02,Asia
Jordan,JOR,2007,98.95,98.95,Asia
Jordan,JOR,2010,98.76,98.77,Asia
Jordan,JOR,2011,99.05,99.25,Asia
Jordan,JOR,2012,99.0,99.2,Asia
Jordan,JOR,2018,97.42,95.9,Asia
Jordan,JOR,2023,99.05,99.41,Asia
Jordan,JOR,2024,98.48,98.88,Asia
Kazakhstan,KAZ,1989,99.7,99.15,Asia
Kazakhstan,KAZ,1999,99.82,99.87,Asia
Kazakhstan,KAZ,2006,,100.0,Asia
Kazakhstan,KAZ,2009,99.8,99.87,Asia
Kazakhstan,KAZ,2015,,100.0,Asia
Kenya,KEN,2000,93.31,91.94,Africa
Kenya,KEN,2014,94.02,92.31,Africa
Kiribati,KIR,2018,95.83,98.5,Oceania
Kiribati,KIR,2019,,94.49886,Oceania
Kuwait,KWT,1975,77.69,66.01,Asia
Kuwait,KWT,1980,81.29,76.03,Asia
Kuwait,KWT,1985,90.69,84.09,Asia
Kuwait,KWT,1995,93.8,90.18,Asia
Kuwait,KWT,2005,99.69,99.79,Asia
Kuwait,KWT,2006,98.52,98.5,Asia
Kuwait,KWT,2007,98.4,98.51,Asia
Kuwait,KWT,2008,98.57,98.74,Asia
Kuwait,KWT,2010,99.06,98.72,Asia
Kuwait,KWT,2012,98.74,98.84,Asia
Kuwait,KWT,2013,99.25,99.04,Asia
Kuwait,KWT,2015,99.15,99.4,Asia
Kuwait,KWT,2017,99.06,99.5,Asia
Kuwait,KWT,2018,98.78,99.5,Asia
Kuwait,KWT,2020,99.1,99.58,Asia
Kyrgyzstan,KGZ,1999,99.65,99.74,Asia
Kyrgyzstan,KGZ,2009,99.7,99.8,Asia
Kyrgyzstan,KGZ,2014,,99.79,Asia
Laos,LAO,1995,78.82,64.05,Asia
Laos,LAO,2000,88.06,73.56,Asia
Laos,LAO,2001,82.6,74.68,Asia
Laos,LAO,2005,89.19,78.74,Asia
Laos,LAO,2006,,67.08,Asia
Laos,LAO,2015,94.4,90.5,Asia
Laos,LAO,2017,91.2,84.47,Asia
Laos,LAO,2022,94.97155,92.68025,Asia
Laos,LAO,2023,92.2,88.54,Asia
Latin America and Caribbean (WB),WB_LAC,1974,88.34,86.55,
Latin America and Caribbean (WB),WB_LAC,1975,88.36,86.58,
Latin America and Caribbean (WB),WB_LAC,1976,88.51,87.05,
Latin America and Caribbean (WB),WB_LAC,1977,88.62,87.54,
Latin America and Caribbean (WB),WB_LAC,1978,88.72,88.05,
Latin America and Caribbean (WB),WB_LAC,1979,88.71,88.43,
Latin America and Caribbean (WB),WB_LAC,1980,88.59,88.69,
Latin America and Caribbean (WB),WB_LAC,1981,88.6,89.07,
Latin America and Caribbean (WB),WB_LAC,1982,88.6,89.43,
Latin America and Caribbean (WB),WB_LAC,1983,88.6,89.79,
Latin America and Caribbean (WB),WB_LAC,1984,88.61,90.13,
Latin America and Caribbean (WB),WB_LAC,1985,88.64,90.47,
Latin America and Caribbean (WB),WB_LAC,1986,88.66,90.77,
Latin America and Caribbean (WB),WB_LAC,1987,88.82,90.95,
Latin America and Caribbean (WB),WB_LAC,1988,89.01,91.33,
Latin America and Caribbean (WB),WB_LAC,1989,89.2,91.78,
Latin America and Caribbean (WB),WB_LAC,1990,89.34,92.2,
Latin America and Caribbean (WB),WB_LAC,1991,90.13,92.7,
Latin America and Caribbean (WB),WB_LAC,1992,90.93,93.19,
Latin America and Caribbean (WB),WB_LAC,1993,91.73,93.64,
Latin America and Caribbean (WB),WB_LAC,1994,92.52,94.09,
Latin America and Caribbean (WB),WB_LAC,1995,93.31,94.52,
Latin America and Caribbean (WB),WB_LAC,1996,93.65,94.82,
Latin America and Caribbean (WB),WB_LAC,1997,93.84,94.88,
Latin America and Caribbean (WB),WB_LAC,1998,94.11,95.1,
Latin America and Caribbean (WB),WB_LAC,1999,94.31,95.33,
Latin America and Caribbean (WB),WB_LAC,2000,94.51,95.54,
Latin America and Caribbean (WB),WB_LAC,2001,94.69,95.69,
Latin America and Caribbean (WB),WB_LAC,2002,95.15,96.02,
Latin America and Caribbean (WB),WB_LAC,2003,95.99,96.68,
Latin America and Caribbean (WB),WB_LAC,2004,96.05,96.86,
Latin America and Caribbean (WB),WB_LAC,2005,96.24,97.04,
Latin America and Caribbean (WB),WB_LAC,2006,96.47,97.02,
Latin America and Caribbean (WB),WB_LAC,2007,96.69,97.21,
Latin America and Caribbean (WB),WB_LAC,2008,96.91,97.38,
Latin America and Caribbean (WB),WB_LAC,2009,97.14,97.58,
Latin America and Caribbean (WB),WB_LAC,2010,97.01,97.64,
Latin America and Caribbean (WB),WB_LAC,2011,97.47,98.04,
Latin America and Caribbean (WB),WB_LAC,2012,97.67,98.16,
Latin America and Caribbean (WB),WB_LAC,2013,97.64,98.13,
Latin America and Caribbean (WB),WB_LAC,2014,98.01,98.42,
Latin America and Caribbean (WB),WB_LAC,2015,98.07,98.49,
Latin America and Caribbean (WB),WB_LAC,2016,98.2,98.61,
Latin America and Caribbean (WB),WB_LAC,2017,98.21,98.57,
Latin America and Caribbean (WB),WB_LAC,2018,98.3,98.65,
Latin America and Caribbean (WB),WB_LAC,2019,98.35,98.68,
Latin America and Caribbean (WB),WB_LAC,2020,98.34,98.68,
Latin America and Caribbean (WB),WB_LAC,2021,98.38,98.74,
Latin America and Caribbean (WB),WB_LAC,2022,98.43,98.79,
Latin America and Caribbean (WB),WB_LAC,2023,98.45,98.82,
Latin America and Caribbean (WB),WB_LAC,2024,98.49,98.87,
Latin America and the Caribbean (SDG),,1974,88.34,86.55,
Latin America and the Caribbean (SDG),,1975,88.36,86.58,
Latin America and the Caribbean (SDG),,1976,88.51,87.05,
Latin America and the Caribbean (SDG),,1977,88.62,87.54,
Latin America and the Caribbean (SDG),,1978,88.72,88.05,
Latin America and the Caribbean (SDG),,1979,88.71,88.43,
Latin America and the Caribbean (SDG),,1980,88.59,88.69,
Latin America and the Caribbean (SDG),,1981,88.6,89.07,
Latin America and the Caribbean (SDG),,1982,88.6,89.44,
Latin America and the Caribbean (SDG),,1983,88.6,89.79,
Latin America and the Caribbean (SDG),,1984,88.61,90.13,
Latin America and the Caribbean (SDG),,1985,88.64,90.47,
Latin America and the Caribbean (SDG),,1986,88.66,90.78,
Latin America and the Caribbean (SDG),,1987,88.82,90.95,
Latin America and the Caribbean (SDG),,1988,89.01,91.33,
Latin America and the Caribbean (SDG),,1989,89.2,91.78,
Latin America and the Caribbean (SDG),,1990,89.34,92.2,
Latin America and the Caribbean (SDG),,1991,90.13,92.7,
Latin America and the Caribbean (SDG),,1992,90.93,93.19,
Latin America and the Caribbean (SDG),,1993,91.73,93.64,
Latin America and the Caribbean (SDG),,1994,92.52,94.09,
Latin America and the Caribbean (SDG),,1995,93.31,94.52,
Latin America and the Caribbean (SDG),,1996,93.65,94.82,
Latin America and the Caribbean (SDG),,1997,93.84,94.88,
Latin America and the Caribbean (SDG),,1998,94.11,95.1,
Latin America and the Caribbean (SDG),,1999,94.31,95.33,
Latin America and the Caribbean (SDG),,2000,94.51,95.54,
Latin America and the Caribbean (SDG),,2001,94.69,95.69,
Latin America and the Caribbean (SDG),,2002,95.15,96.02,
Latin America and the Caribbean (SDG),,2003,95.99,96.68,
Latin America and the Caribbean (SDG),,2004,96.05,96.86,
Latin America and the Caribbean (SDG),,2005,96.24,97.04,
Latin America and the Caribbean (SDG),,2006,96.47,97.02,
Latin America and the Caribbean (SDG),,2007,96.69,97.21,
Latin America and the Caribbean (SDG),,2008,96.91,97.38,
Latin America and the Caribbean (SDG),,2009,97.14,97.58,
Latin America and the Caribbean (SDG),,2010,97.01,97.64,
Latin America and the Caribbean (SDG),,2011,97.47,98.04,
Latin America and the Caribbean (SDG),,2012,97.67,98.16,
Latin America and the Caribbean (SDG),,2013,97.64,98.13,
Latin America and the Caribbean (SDG),,2014,98.01,98.42,
Latin America and the Caribbean (SDG),,2015,98.07,98.49,
Latin America and the Caribbean (SDG),,2016,98.2,98.61,
Latin America and the Caribbean (SDG),,2017,98.21,98.57,
Latin America and the Caribbean (SDG),,2018,98.3,98.65,
Latin America and the Caribbean (SDG),,2019,98.35,98.68,
Latin America and the Caribbean (SDG),,2020,98.34,98.68,
Latin America and the Caribbean (SDG),,2021,98.38,98.74,
Latin America and the Caribbean (SDG),,2022,98.43,98.79,
Latin America and the Caribbean (SDG),,2023,98.45,98.82,
Latin America and the Caribbean (SDG),,2024,98.49,98.87,
Latvia,LVA,1989,99.75,99.82,Europe
Latvia,LVA,2000,99.72,99.78,Europe
Latvia,LVA,2011,99.8,99.87,Europe
Lebanon,LBN,2007,98.4,99.08,Asia
Lebanon,LBN,2009,99.16,99.34,Asia
Lebanon,LBN,2018,97.89,95.61,Asia
Lebanon,LBN,2019,97.921875,95.459206,Asia
Lesotho,LSO,2000,84.83,97.5,Africa
Lesotho,LSO,2006,66.24,84.98,Africa
Lesotho,LSO,2009,82.23,94.25,Africa
Lesotho,LSO,2014,87.37,96.52,Africa
Lesotho,LSO,2016,96.98,99.56,Africa
Lesotho,LSO,2018,92.35,98.27,Africa
Lesotho,LSO,2019,95.54545,100.0,Africa
Lesotho,LSO,2024,94.31,98.8,Africa
Liberia,LBR,1984,62.83,33.72,Africa
Liberia,LBR,2007,77.33,51.49,Africa
Liberia,LBR,2010,86.36883,73.020676,Africa
Liberia,LBR,2013,83.75,63.2,Africa
Libya,LBY,1984,97.85,80.31,Africa
Lithuania,LTU,1989,99.64,99.71,Europe
Lithuania,LTU,2001,99.66,99.74,Europe
Lithuania,LTU,2011,99.85,99.87,Europe
Low-income countries,OWID_LIC,1988,66.72,48.39,
Low-income countries,OWID_LIC,1989,66.98,48.85,
Low-income countries,OWID_LIC,1990,67.1,49.4,
Low-income countries,OWID_LIC,1991,66.56,49.15,
Low-income countries,OWID_LIC,1992,65.88,48.72,
Low-income countries,OWID_LIC,1993,65.58,48.84,
Low-income countries,OWID_LIC,1994,65.32,48.99,
Low-income countries,OWID_LIC,1995,65.57,49.41,
Low-income countries,OWID_LIC,1996,65.26,49.76,
Low-income countries,OWID_LIC,1997,65.15,50.29,
Low-income countries,OWID_LIC,1998,65.41,50.87,
Low-income countries,OWID_LIC,1999,65.59,51.37,
Low-income countries,OWID_LIC,2000,65.36,52.02,
Low-income countries,OWID_LIC,2001,65.59,52.92,
Low-income countries,OWID_LIC,2002,69.65,53.2,
Low-income countries,OWID_LIC,2003,69.71,54.08,
Low-income countries,OWID_LIC,2004,70.32,54.79,
Low-income countries,OWID_LIC,2005,70.53,55.39,
Low-income countries,OWID_LIC,2006,69.78,53.24,
Low-income countries,OWID_LIC,2007,70.85,55.43,
Low-income countries,OWID_LIC,2008,71.94,56.85,
Low-income countries,OWID_LIC,2009,72.61,57.87,
Low-income countries,OWID_LIC,2010,72.84,59.02,
Low-income countries,OWID_LIC,2011,74.78,62.94,
Low-income countries,OWID_LIC,2012,75.6,63.88,
Low-income countries,OWID_LIC,2013,76.41,65.42,
Low-income countries,OWID_LIC,2014,76.3,65.6,
Low-income countries,OWID_LIC,2015,76.63,66.74,
Low-income countries,OWID_LIC,2016,76.77,67.93,
Low-income countries,OWID_LIC,2017,77.34,69.31,
Low-income countries,OWID_LIC,2018,77.3,69.14,
Low-income countries,OWID_LIC,2019,77.08,69.54,
Low-income countries,OWID_LIC,2020,77.15,69.9,
Low-income countries,OWID_LIC,2021,77.44,70.66,
Low-income countries,OWID_LIC,2022,77.67,71.37,
Low-income countries,OWID_LIC,2023,77.91,72.06,
Low-income countries,OWID_LIC,2024,78.1,72.64,
Lower-middle-income countries,OWID_LMC,1975,67.28,42.89,
Lower-middle-income countries,OWID_LMC,1976,67.35,43.11,
Lower-middle-income countries,OWID_LMC,1977,67.76,44.15,
Lower-middle-income countries,OWID_LMC,1978,68.09,45.2,
Lower-middle-income countries,OWID_LMC,1979,68.34,46.23,
Lower-middle-income countries,OWID_LMC,1980,68.51,47.15,
Lower-middle-income countries,OWID_LMC,1981,68.63,48.0,
Lower-middle-income countries,OWID_LMC,1982,68.84,48.97,
Lower-middle-income countries,OWID_LMC,1983,69.02,49.84,
Lower-middle-income countries,OWID_LMC,1984,69.22,50.88,
Lower-middle-income countries,OWID_LMC,1985,69.45,51.91,
Lower-middle-income countries,OWID_LMC,1986,69.68,52.87,
Lower-middle-income countries,OWID_LMC,1987,70.16,54.02,
Lower-middle-income countries,OWID_LMC,1988,72.36,52.71,
Lower-middle-income countries,OWID_LMC,1989,73.06,54.17,
Lower-middle-income countries,OWID_LMC,1990,73.69,55.59,
Lower-middle-income countries,OWID_LMC,1991,74.32,57.0,
Lower-middle-income countries,OWID_LMC,1992,75.39,58.31,
Lower-middle-income countries,OWID_LMC,1993,76.38,59.36,
Lower-middle-income countries,OWID_LMC,1994,77.03,60.88,
Lower-middle-income countries,OWID_LMC,1995,77.55,62.25,
Lower-middle-income countries,OWID_LMC,1996,78.18,63.63,
Lower-middle-income countries,OWID_LMC,1997,78.72,64.86,
Lower-middle-income countries,OWID_LMC,1998,81.53,66.72,
Lower-middle-income countries,OWID_LMC,1999,82.14,68.27,
Lower-middle-income countries,OWID_LMC,2000,82.29,68.59,
Lower-middle-income countries,OWID_LMC,2001,82.68,69.94,
Lower-middle-income countries,OWID_LMC,2002,83.08,71.25,
Lower-middle-income countries,OWID_LMC,2003,84.07,72.23,
Lower-middle-income countries,OWID_LMC,2004,84.4,73.51,
Lower-middle-income countries,OWID_LMC,2005,85.34,73.55,
Lower-middle-income countries,OWID_LMC,2006,84.47,74.43,
Lower-middle-income countries,OWID_LMC,2007,84.68,75.4,
Lower-middle-income countries,OWID_LMC,2008,85.18,76.48,
Lower-middle-income countries,OWID_LMC,2009,85.51,77.5,
Lower-middle-income countries,OWID_LMC,2010,86.81,78.73,
Lower-middle-income countries,OWID_LMC,2011,87.08,79.83,
Lower-middle-income countries,OWID_LMC,2012,87.71,80.98,
Lower-middle-income countries,OWID_LMC,2013,88.67,82.53,
Lower-middle-income countries,OWID_LMC,2014,88.98,83.58,
Lower-middle-income countries,OWID_LMC,2015,89.55,84.72,
Lower-middle-income countries,OWID_LMC,2016,89.93,85.55,
Lower-middle-income countries,OWID_LMC,2017,90.32,86.11,
Lower-middle-income countries,OWID_LMC,2018,90.65,86.68,
Lower-middle-income countries,OWID_LMC,2019,92.49,88.35,
Lower-middle-income countries,OWID_LMC,2020,92.72,88.86,
Lower-middle-income countries,OWID_LMC,2021,92.93,89.32,
Lower-middle-income countries,OWID_LMC,2022,93.02,89.67,
Lower-middle-income countries,OWID_LMC,2023,93.2,90.08,
Lower-middle-income countries,OWID_LMC,2024,93.37,90.45,
Macao,MAC,1981,95.14,94.21,Asia
Macao,MAC,2001,99.43,99.81,Asia
Macao,MAC,2006,99.59,99.7,Asia
Macao,MAC,2011,99.65,99.69,Asia
Macao,MAC,2016,99.73,99.87,Asia
Madagascar,MDG,2000,72.65,68.19,Africa
Madagascar,MDG,2012,78.41,75.3,Africa
Madagascar,MDG,2018,80.58,79.18,Africa
Madagascar,MDG,2021,82.53,82.24,Africa
Malawi,MWI,1987,70.44,49.13,Africa
Malawi,MWI,1998,82.09,70.7,Africa
Malawi,MWI,2006,,72.23,Africa
Malawi,MWI,2014,,75.73,Africa
Malawi,MWI,2017,86.52268,84.46849,Africa
Malawi,MWI,2018,88.25,87.07,Africa
Malawi,MWI,2020,81.3,80.14,Africa
Malaysia,MYS,1980,89.5,86.53,Asia
Malaysia,MYS,1991,95.91,95.22,Asia
Malaysia,MYS,2000,97.21,97.27,Asia
Malaysia,MYS,2010,98.38,98.46,Asia
Malaysia,MYS,2016,97.39,97.86,Asia
Malaysia,MYS,2017,97.12,97.44,Asia
Malaysia,MYS,2018,96.7,97.02,Asia
Malaysia,MYS,2019,96.6,96.98,Asia
Malaysia,MYS,2022,99.26,98.28,Asia
Maldives,MDV,1977,84.13,87.12,Asia
Maldives,MDV,1985,94.89,96.18,Asia
Maldives,MDV,1990,98.08,98.32,Asia
Maldives,MDV,1995,98.03,98.3,Asia
Maldives,MDV,2000,98.03,98.3,Asia
Maldives,MDV,2006,99.24,99.36,Asia
Maldives,MDV,2014,99.08,99.44,Asia
Maldives,MDV,2016,98.39,99.09,Asia
Maldives,MDV,2017,97.31,99.67,Asia
Maldives,MDV,2019,98.62,98.87,Asia
Mali,MLI,1976,26.67,13.47,Africa
Mali,MLI,1998,32.25,16.86,Africa
Mali,MLI,2006,47.38,30.8,Africa
Mali,MLI,2010,56.37,33.95,Africa
Mali,MLI,2011,56.32,29.7,Africa
Mali,MLI,2015,60.53,39.21,Africa
Mali,MLI,2018,57.83,43.4,Africa
Mali,MLI,2020,44.16,60.92,Africa
Mali,MLI,2024,57.24,43.12,Africa
Malta,MLT,1985,96.93,98.87,Europe
Malta,MLT,1995,94.37,97.81,Europe
Malta,MLT,2005,97.46,99.11,Europe
Malta,MLT,2011,98.4,99.39,Europe
Marshall Islands,MHL,2011,98.17,98.76,Oceania
Marshall Islands,MHL,2019,99.01,97.22,Oceania
Marshall Islands,MHL,2021,95.4913,97.28088,Oceania
Martinique,MTQ,1982,99.21,98.54,North America
Mauritania,MRT,2000,67.73,55.48,Africa
Mauritania,MRT,2007,,47.94,Africa
Mauritania,MRT,2011,,57.65,Africa
Mauritania,MRT,2013,74.22,68.05,Africa
Mauritania,MRT,2015,86.73,75.7,Africa
Mauritania,MRT,2020,75.26,66.98,Africa
Mauritius,MUS,1990,90.7,91.71,Africa
Mauritius,MUS,2000,93.72,95.36,Africa
Mauritius,MUS,2011,97.69,98.58,Africa
Mauritius,MUS,2021,100.0,100.0,Africa
Mauritius,MUS,2022,100.0,100.0,Africa
Mauritius,MUS,2023,99.81589,100.0,Africa
Mexico,MEX,1980,93.09,90.86,North America
Mexico,MEX,1990,95.96,94.9,North America
Mexico,MEX,2000,96.75,96.48,North America
Mexico,MEX,2002,97.94,97.27,North America
Mexico,MEX,2004,97.52,97.61,North America
Mexico,MEX,2005,97.64,97.63,North America
Mexico,MEX,2006,98.11,97.69,North America
Mexico,MEX,2007,98.2,98.12,North America
Mexico,MEX,2008,98.41,98.36,North America
Mexico,MEX,2009,98.67,98.38,North America
Mexico,MEX,2010,98.38,98.49,North America
Mexico,MEX,2011,98.42,98.51,North America
Mexico,MEX,2012,98.72,99.03,North America
Mexico,MEX,2013,98.53,98.6,North America
Mexico,MEX,2014,98.92,99.08,North America
Mexico,MEX,2015,98.87,99.01,North America
Mexico,MEX,2016,99.03,99.21,North America
Mexico,MEX,2017,99.08,99.17,North America
Mexico,MEX,2018,99.25,99.39,North America
Mexico,MEX,2019,99.13794,99.249664,North America
Mexico,MEX,2020,98.99,99.17,North America
Mexico,MEX,2021,99.19609,99.31327,North America
Mexico,MEX,2022,98.74,99.17,North America
Mexico,MEX,2023,99.061646,99.26538,North America
Mexico,MEX,2024,98.79,99.05,North America
Moldova,MDA,1989,99.72,99.74,Europe
Moldova,MDA,2000,99.4,99.65,Europe
Moldova,MDA,2005,99.87,99.95,Europe
Moldova,MDA,2012,100.0,99.84,Europe
Moldova,MDA,2014,99.81,99.82,Europe
Mongolia,MNG,2000,97.0,98.43,Asia
Mongolia,MNG,2010,98.02,98.91,Asia
Mongolia,MNG,2018,99.64,99.42,Asia
Mongolia,MNG,2019,98.43,99.32,Asia
Mongolia,MNG,2020,98.93,99.23,Asia
Mongolia,MNG,2021,99.798096,100.0,Asia
Mongolia,MNG,2022,99.62,99.77,Asia
Mongolia,MNG,2023,99.34,99.67,Asia
Mongolia,MNG,2024,99.69,98.93,Asia
Montenegro,MNE,1981,99.15,98.29,Europe
Montenegro,MNE,1991,99.26,98.99,Europe
Montenegro,MNE,2003,99.46,99.36,Europe
Montenegro,MNE,2005,,99.21,Europe
Montenegro,MNE,2011,99.36,99.05,Europe
Montenegro,MNE,2013,,99.76,Europe
Montenegro,MNE,2018,96.23,98.95,Europe
Morocco,MAR,1982,58.12,30.95,Africa
Morocco,MAR,1994,71.38,46.0,Africa
Morocco,MAR,2004,80.8,60.49,Africa
Morocco,MAR,2008,85.81,69.9,Africa
Morocco,MAR,2009,86.73,72.15,Africa
Morocco,MAR,2011,88.83,74.03,Africa
Morocco,MAR,2012,94.38,87.61,Africa
Morocco,MAR,2014,92.97,85.28,Africa
Mozambique,MOZ,1980,63.95,25.12,Africa
Mozambique,MOZ,1997,59.45,36.55,Africa
Mozambique,MOZ,2003,74.36,50.04,Africa
Mozambique,MOZ,2008,,39.45,Africa
Mozambique,MOZ,2009,79.84,56.54,Africa
Mozambique,MOZ,2015,79.07,62.67,Africa
Mozambique,MOZ,2017,77.26,65.49,Africa
Mozambique,MOZ,2020,76.46,64.51,Africa
Mozambique,MOZ,2022,78.37104,65.42436,Africa
Myanmar,MMR,1983,88.57,81.34,Asia
Myanmar,MMR,2000,95.79,93.47,Asia
Myanmar,MMR,2014,95.37,94.47,Asia
Myanmar,MMR,2016,91.16,89.65,Asia
Myanmar,MMR,2018,99.22583,99.10344,Asia
Myanmar,MMR,2019,95.27,95.55,Asia
Myanmar,MMR,2020,96.28198,96.43574,Asia
Namibia,NAM,1991,85.7,90.42,Africa
Namibia,NAM,2000,88.26,90.65,Africa
Namibia,NAM,2001,91.15,93.63,Africa
Namibia,NAM,2007,88.77,93.54,Africa
Namibia,NAM,2011,93.46,95.35,Africa
Namibia,NAM,2013,92.08,96.09,Africa
Namibia,NAM,2016,94.6365,94.8859,Africa
Namibia,NAM,2018,91.8393,93.76566,Africa
Namibia,NAM,2023,90.79,93.48,Africa
Nauru,NRU,2021,88.4264,96.905014,Oceania
Nepal,NPL,1981,45.1,14.97,Asia
Nepal,NPL,1991,68.23,32.67,Asia
Nepal,NPL,2001,80.62,60.14,Asia
Nepal,NPL,2006,94.24,75.51,Asia
Nepal,NPL,2008,90.98288,75.824905,Asia
Nepal,NPL,2011,89.88,80.21,Asia
Nepal,NPL,2016,94.44,84.58,Asia
Nepal,NPL,2017,95.46287,90.89088,Asia
Nepal,NPL,2019,96.81,92.07,Asia
New Caledonia,NCL,1976,97.0,97.96,Oceania
New Caledonia,NCL,1989,98.66,98.86,Oceania
New Caledonia,NCL,1996,99.05,99.14,Oceania
Nicaragua,NIC,2001,83.63,88.82,North America
Nicaragua,NIC,2005,85.16,88.84,North America
Nicaragua,NIC,2009,92.6,94.8,North America
Nicaragua,NIC,2012,93.8084,95.90167,North America
Nicaragua,NIC,2014,94.1,96.6,North America
Niger,NER,2001,26.23,14.23,Africa
Niger,NER,2005,52.45,23.2,Africa
Niger,NER,2006,33.02,11.17,Africa
Niger,NER,2012,48.56,31.64,Africa
Niger,NER,2014,57.016834,36.482254,Africa
Niger,NER,2018,56.89,36.37,Africa
Niger,NER,2022,63.96,44.74,Africa
Nigeria,NGA,1991,81.36,62.49,Africa
Nigeria,NGA,2003,78.13,60.51,Africa
Nigeria,NGA,2006,83.12,74.5,Africa
Nigeria,NGA,2007,,70.18,Africa
Nigeria,NGA,2008,78.5,51.6,Africa
Nigeria,NGA,2011,,79.84,Africa
Nigeria,NGA,2013,86.17,70.75,Africa
Nigeria,NGA,2016,78.43,67.12,Africa
Nigeria,NGA,2019,88.1255,,Africa
Nigeria,NGA,2021,77.78,69.05,Africa
Nigeria,NGA,2024,81.31,81.43,Africa
Niue,NIU,2017,100.0,100.0,Oceania
Niue,NIU,2022,100.0,100.0,Oceania
North America (WB),WB_NA,2003,99.63,99.55,
North America (WB),WB_NA,2004,99.63,99.55,
North America (WB),WB_NA,2005,99.63,99.55,
North America (WB),WB_NA,2006,99.64,99.55,
North America (WB),WB_NA,2007,99.64,99.55,
North America (WB),WB_NA,2008,99.64,99.55,
North America (WB),WB_NA,2017,99.66,99.57,
North America (WB),WB_NA,2018,99.66,99.57,
North America (WB),WB_NA,2019,99.66,99.57,
North America (WB),WB_NA,2020,99.66,99.57,
North America (WB),WB_NA,2021,99.66,99.57,
North America (WB),WB_NA,2022,99.67,99.57,
North Korea,PRK,2008,100.0,100.0,Asia
North Macedonia,MKD,1994,99.14,98.57,Europe
North Macedonia,MKD,2002,98.99,98.49,Europe
North Macedonia,MKD,2005,,98.69,Europe
North Macedonia,MKD,2011,,99.36,Europe
North Macedonia,MKD,2018,,98.75,Europe
Northern Africa and Western Asia (SDG),,1976,,61.72,
Northern Africa and Western Asia (SDG),,1977,,62.36,
Northern Africa and Western Asia (SDG),,1978,82.65,63.04,
Northern Africa and Western Asia (SDG),,1979,83.35,63.52,
Northern Africa and Western Asia (SDG),,1980,83.41,64.18,
Northern Africa and Western Asia (SDG),,1981,83.5,64.88,
Northern Africa and Western Asia (SDG),,1982,83.63,65.65,
Northern Africa and Western Asia (SDG),,1983,83.92,65.95,
Northern Africa and Western Asia (SDG),,1984,84.67,67.99,
Northern Africa and Western Asia (SDG),,1985,85.01,68.82,
Northern Africa and Western Asia (SDG),,1986,85.38,69.67,
Northern Africa and Western Asia (SDG),,1987,85.73,70.49,
Northern Africa and Western Asia (SDG),,1988,86.16,71.43,
Northern Africa and Western Asia (SDG),,1989,86.76,72.06,
Northern Africa and Western Asia (SDG),,1990,87.23,73.04,
Northern Africa and Western Asia (SDG),,1991,88.0,74.03,
Northern Africa and Western Asia (SDG),,1992,88.43,74.94,
Northern Africa and Western Asia (SDG),,1993,88.47,74.26,
Northern Africa and Western Asia (SDG),,1994,88.77,75.11,
Northern Africa and Western Asia (SDG),,1995,89.1,75.97,
Northern Africa and Western Asia (SDG),,1996,89.43,76.95,
Northern Africa and Western Asia (SDG),,1997,89.72,77.9,
Northern Africa and Western Asia (SDG),,1998,89.9,78.85,
Northern Africa and Western Asia (SDG),,1999,90.1,79.74,
Northern Africa and Western Asia (SDG),,2000,90.54,80.53,
Northern Africa and Western Asia (SDG),,2001,90.89,81.46,
Northern Africa and Western Asia (SDG),,2002,91.15,82.33,
Northern Africa and Western Asia (SDG),,2003,92.44,82.62,
Northern Africa and Western Asia (SDG),,2004,92.61,83.44,
Northern Africa and Western Asia (SDG),,2005,92.79,84.08,
Northern Africa and Western Asia (SDG),,2006,91.1,83.54,
Northern Africa and Western Asia (SDG),,2007,91.72,84.36,
Northern Africa and Western Asia (SDG),,2008,92.1,85.13,
Northern Africa and Western Asia (SDG),,2009,92.29,85.32,
Northern Africa and Western Asia (SDG),,2010,92.52,85.98,
Northern Africa and Western Asia (SDG),,2011,92.91,86.55,
Northern Africa and Western Asia (SDG),,2012,93.59,87.69,
Northern Africa and Western Asia (SDG),,2013,94.03,89.01,
Northern Africa and Western Asia (SDG),,2014,94.09,89.22,
Northern Africa and Western Asia (SDG),,2015,94.2,89.68,
Northern Africa and Western Asia (SDG),,2016,93.1,88.61,
Northern Africa and Western Asia (SDG),,2017,93.36,89.37,
Northern Africa and Western Asia (SDG),,2018,93.46,89.71,
Northern Africa and Western Asia (SDG),,2019,93.58,89.98,
Northern Africa and Western Asia (SDG),,2020,93.72,90.25,
Northern Africa and Western Asia (SDG),,2021,93.87,90.49,
Northern Africa and Western Asia (SDG),,2022,93.99,90.7,
Northern Africa and Western Asia (SDG),,2023,94.1,90.88,
Northern Africa and Western Asia (SDG),,2024,94.26,91.09,
Oceania (excluding Australia and New Zealand) (SDG),,1994,78.04,69.88,
Oceania (excluding Australia and New Zealand) (SDG),,1995,77.97,69.74,
Oceania (excluding Australia and New Zealand) (SDG),,1996,77.84,70.44,
Oceania (excluding Australia and New Zealand) (SDG),,1997,77.6,71.06,
Oceania (excluding Australia and New Zealand) (SDG),,1998,77.26,71.62,
Oceania (excluding Australia and New Zealand) (SDG),,1999,76.62,71.88,
Oceania (excluding Australia and New Zealand) (SDG),,2000,75.71,71.83,
Oceania (excluding Australia and New Zealand) (SDG),,2001,75.22,72.25,
Oceania (excluding Australia and New Zealand) (SDG),,2002,74.67,72.65,
Oceania (excluding Australia and New Zealand) (SDG),,2003,74.09,73.05,
Oceania (excluding Australia and New Zealand) (SDG),,2004,73.54,73.47,
Oceania (excluding Australia and New Zealand) (SDG),,2005,72.99,73.88,
Oceania (excluding Australia and New Zealand) (SDG),,2006,72.4,74.21,
Oceania (excluding Australia and New Zealand) (SDG),,2007,71.86,74.58,
Oceania (excluding Australia and New Zealand) (SDG),,2008,71.37,74.97,
Oceania (excluding Australia and New Zealand) (SDG),,2009,71.06,75.64,
Oceania (excluding Australia and New Zealand) (SDG),,2010,70.97,76.59,
Oceania (excluding Australia and New Zealand) (SDG),,2011,70.88,76.55,
Oceania (excluding Australia and New Zealand) (SDG),,2012,70.8,76.53,
Oceania (excluding Australia and New Zealand) (SDG),,2013,70.72,76.5,
Oceania (excluding Australia and New Zealand) (SDG),,2014,70.62,76.47,
Oceania (excluding Australia and New Zealand) (SDG),,2016,70.41,,
Oceania (excluding Australia and New Zealand) (SDG),,2017,70.34,76.31,
Oceania (excluding Australia and New Zealand) (SDG),,2018,70.26,76.27,
Oceania (excluding Australia and New Zealand) (SDG),,2019,70.21,76.24,
Oceania (excluding Australia and New Zealand) (SDG),,2020,70.15,76.19,
Oceania (excluding Australia and New Zealand) (SDG),,2021,70.13,76.17,
Oman,OMN,2003,66.24,84.98,Asia
Oman,OMN,2008,97.63,97.62,Asia
Oman,OMN,2010,97.41,98.17,Asia
Oman,OMN,2015,99.43,98.75,Asia
Oman,OMN,2017,98.46,98.96,Asia
Oman,OMN,2018,98.36,98.98,Asia
Oman,OMN,2020,99.68,99.68,Asia
Oman,OMN,2022,99.65,99.68,Asia
Pakistan,PAK,1981,44.5,23.83,Asia
Pakistan,PAK,1998,67.15,43.11,Asia
Pakistan,PAK,2005,76.65,53.09,Asia
Pakistan,PAK,2006,79.1,58.37,Asia
Pakistan,PAK,2007,75.24,56.78,Asia
Pakistan,PAK,2008,79.42,61.25,Asia
Pakistan,PAK,2009,79.14,61.46,Asia
Pakistan,PAK,2010,79.5,62.3,Asia
Pakistan,PAK,2011,78.04,63.14,Asia
Pakistan,PAK,2012,80.29,64.47,Asia
Pakistan,PAK,2013,79.4,63.44,Asia
Pakistan,PAK,2014,79.77,65.55,Asia
Pakistan,PAK,2017,81.26,67.54,Asia
Pakistan,PAK,2018,79.78,64.35,Asia
Pakistan,PAK,2019,79.73,65.19,Asia
Pakistan,PAK,2021,79.46,66.52,Asia
Palau,PLW,1980,94.19,94.36,Oceania
Palau,PLW,2013,99.77,99.83,Oceania
Palau,PLW,2015,98.25,99.17,Oceania
Palau,PLW,2020,100.0,100.0,Oceania
Palestine,PSE,1997,96.92,97.19,Asia
Palestine,PSE,2004,99.02,98.88,Asia
Palestine,PSE,2006,99.04,99.15,Asia
Palestine,PSE,2007,99.14,98.99,Asia
Palestine,PSE,2008,99.27,99.04,Asia
Palestine,PSE,2009,99.23,99.23,Asia
Palestine,PSE,2010,99.2,99.24,Asia
Palestine,PSE,2011,99.26,99.36,Asia
Palestine,PSE,2012,99.34,99.23,Asia
Palestine,PSE,2013,99.42,99.27,Asia
Palestine,PSE,2014,99.41,99.32,Asia
Palestine,PSE,2015,99.41,99.27,Asia
Palestine,PSE,2016,99.45,99.31,Asia
Palestine,PSE,2017,99.26,99.37,Asia
Palestine,PSE,2018,99.29,99.38,Asia
Palestine,PSE,2019,99.37,99.3,Asia
Palestine,PSE,2020,99.22,99.25,Asia
Palestine,PSE,2021,99.4377,99.4489,Asia
Palestine,PSE,2022,99.39,99.33,Asia
Palestine,PSE,2024,99.94192,99.19472,Asia
Panama,PAN,1980,95.93,96.28,North America
Panama,PAN,1990,95.39,94.78,North America
Panama,PAN,2000,96.53,95.62,North America
Panama,PAN,2010,97.93,97.34,North America
Panama,PAN,2014,98.4,97.6,North America
Panama,PAN,2015,98.4,98.1,North America
Panama,PAN,2016,99.1,98.4,North America
Panama,PAN,2017,99.3,98.8,North America
Panama,PAN,2018,99.31,98.87,North America
Panama,PAN,2019,98.9,98.86,North America
Panama,PAN,2021,99.3,99.2,North America
Panama,PAN,2022,99.4,99.3,North America
Panama,PAN,2023,98.8,98.9,North America
Panama,PAN,2024,99.62014,99.41684,North America
Papua New Guinea,PNG,2000,69.13,64.06,Oceania
Papua New Guinea,PNG,2010,85.0142,77.1492,Oceania
Papua New Guinea,PNG,2017,87.26,78.09,Oceania
Papua New Guinea,PNG,2022,92.692955,91.10524,Oceania
Paraguay,PRY,1982,90.17,89.0,South America
Paraguay,PRY,1992,95.86,95.36,South America
Paraguay,PRY,2001,95.7,95.6,South America
Paraguay,PRY,2002,97.6,97.3,South America
Paraguay,PRY,2003,97.3,97.5,South America
Paraguay,PRY,2004,97.3,97.2,South America
Paraguay,PRY,2005,97.6,98.1,South America
Paraguay,PRY,2006,98.4,97.9,South America
Paraguay,PRY,2007,98.81,98.78,South America
Paraguay,PRY,2008,97.69,98.23,South America
Paraguay,PRY,2009,98.04,98.99,South America
Paraguay,PRY,2010,98.5,98.73,South America
Paraguay,PRY,2011,98.3,98.7,South America
Paraguay,PRY,2012,98.25,98.1,South America
Paraguay,PRY,2013,98.6,99.2,South America
Paraguay,PRY,2014,98.96,98.46,South America
Paraguay,PRY,2015,98.35,98.97,South America
Paraguay,PRY,2016,98.21,98.7,South America
Paraguay,PRY,2017,97.7,98.9,South America
Paraguay,PRY,2018,97.73,98.87,South America
Paraguay,PRY,2019,98.04,98.68,South America
Paraguay,PRY,2020,98.63,98.66,South America
Paraguay,PRY,2021,98.1,99.2,South America
Paraguay,PRY,2022,98.5,98.8,South America
Paraguay,PRY,2023,98.8,99.0,South America
Paraguay,PRY,2024,98.61,98.62,South America
Peru,PER,1981,96.51,89.76,South America
Peru,PER,1993,96.99,93.79,South America
Peru,PER,2000,99.1,96.1,South America
Peru,PER,2001,98.2,96.1,South America
Peru,PER,2002,97.6,95.9,South America
Peru,PER,2003,97.6,96.0,South America
Peru,PER,2004,97.8,95.66,South America
Peru,PER,2005,97.92,96.29,South America
Peru,PER,2006,98.51,96.96,South America
Peru,PER,2007,98.01,96.71,South America
Peru,PER,2008,98.2,97.5,South America
Peru,PER,2009,98.7,97.9,South America
Peru,PER,2010,98.6,98.0,South America
Peru,PER,2011,98.6,98.3,South America
Peru,PER,2012,98.72,98.68,South America
Peru,PER,2013,98.9,98.9,South America
Peru,PER,2014,99.16,98.79,South America
Peru,PER,2015,99.24,98.77,South America
Peru,PER,2016,99.09,98.67,South America
Peru,PER,2017,99.26,98.85,South America
Peru,PER,2018,99.08,98.97,South America
Peru,PER,2019,99.1,99.1,South America
Peru,PER,2020,99.52,99.35,South America
Peru,PER,2021,99.1,99.2,South America
Peru,PER,2022,99.3,99.3,South America
Peru,PER,2023,99.3,99.4,South America
Peru,PER,2024,99.4,99.59,South America
Philippines,PHL,1980,91.06,92.47,Asia
Philippines,PHL,1990,96.28,96.88,Asia
Philippines,PHL,1994,95.82,96.28,Asia
Philippines,PHL,2000,94.46,95.72,Asia
Philippines,PHL,2003,93.58,96.58,Asia
Philippines,PHL,2008,97.02,98.49,Asia
Philippines,PHL,2010,97.64,98.03,Asia
Philippines,PHL,2013,97.43,98.82,Asia
Philippines,PHL,2015,98.9,99.27,Asia
Philippines,PHL,2017,100.0,100.0,Asia
Philippines,PHL,2019,97.9,98.89,Asia
Philippines,PHL,2020,99.11,99.33,Asia
Philippines,PHL,2022,100.0,99.52,Asia
Poland,POL,1978,99.78,99.82,Europe
Portugal,PRT,1981,97.66,98.22,Europe
Portugal,PRT,1991,99.14,99.26,Europe
Portugal,PRT,2011,99.39,99.48,Europe
Puerto Rico,PRI,1980,93.02,94.4,North America
Puerto Rico,PRI,1990,92.22,94.11,North America
Puerto Rico,PRI,2010,98.81,98.85,North America
Puerto Rico,PRI,2017,92.39,92.39,North America
Qatar,QAT,1986,88.53,91.23,Asia
Qatar,QAT,1997,94.12,95.81,Asia
Qatar,QAT,2004,94.89,97.54,Asia
Qatar,QAT,2007,99.1,98.97,Asia
Qatar,QAT,2008,95.32,96.88,Asia
Qatar,QAT,2009,97.7,97.95,Asia
Qatar,QAT,2010,96.32,98.26,Asia
Qatar,QAT,2011,97.58,98.75,Asia
Qatar,QAT,2012,98.69,99.83,Asia
Qatar,QAT,2013,98.82,99.33,Asia
Qatar,QAT,2014,98.38,99.65,Asia
Qatar,QAT,2016,98.67,99.33,Asia
Qatar,QAT,2017,98.87,99.27,Asia
Qatar,QAT,2022,99.02,100.0,Asia
Qatar,QAT,2023,99.65,100.0,Asia
Qatar,QAT,2024,99.69,100.0,Asia
Reunion,REU,1982,93.8,97.52,Africa
Romania,ROU,1992,99.18,99.03,Europe
Romania,ROU,2002,97.74,97.78,Europe
Romania,ROU,2011,99.01,98.98,Europe
Romania,ROU,2021,99.94,99.94,Europe
Russia,RUS,1989,99.69,99.75,Europe
Russia,RUS,2002,99.68,99.77,Europe
Russia,RUS,2010,99.66,99.76,Europe
Russia,RUS,2021,99.91,99.93,Europe
Rwanda,RWA,1978,59.66,44.69,Africa
Rwanda,RWA,2000,78.52,76.86,Africa
Rwanda,RWA,2005,72.72,68.21,Africa
Rwanda,RWA,2010,80.31,80.06,Africa
Rwanda,RWA,2012,81.12,83.49,Africa
Rwanda,RWA,2014,83.81,86.26,Africa
Rwanda,RWA,2015,87.92,89.17,Africa
Rwanda,RWA,2018,84.33,88.5,Africa
Rwanda,RWA,2020,90.36,92.7,Africa
Rwanda,RWA,2022,87.51,92.37,Africa
Saint Helena,SHN,1998,98.59,100.0,Africa
Saint Lucia,LCA,2012,100.0,99.96,North America
Saint Pierre and Miquelon,SPM,1982,99.47,99.44,North America
Saint Vincent and the Grenadines,VCT,1970,97.92,98.0,North America
Samoa,WSM,1991,99.12,98.95,Oceania
Samoa,WSM,2011,99.03,99.46,Oceania
Samoa,WSM,2016,99.66,99.72,Oceania
Samoa,WSM,2017,100.0,100.0,Oceania
Samoa,WSM,2019,98.54,99.56,Oceania
San Marino,SMR,2022,100.0,100.0,Europe
Sao Tome and Principe,STP,1981,90.82,74.06,Africa
Sao Tome and Principe,STP,1991,95.81,91.85,Africa
Sao Tome and Principe,STP,2001,95.97,94.85,Africa
Sao Tome and Principe,STP,2012,97.12,96.35,Africa
Sao Tome and Principe,STP,2014,,100.0,Africa
Sao Tome and Principe,STP,2019,95.85,95.07,Africa
Saudi Arabia,SAU,1992,93.96,81.07,Asia
Saudi Arabia,SAU,2000,98.07,93.71,Asia
Saudi Arabia,SAU,2004,96.95,94.68,Asia
Saudi Arabia,SAU,2013,99.3,99.14,Asia
Saudi Arabia,SAU,2017,99.32,99.28,Asia
Saudi Arabia,SAU,2020,99.55,99.45,Asia
Saudi Arabia,SAU,2024,100.0,99.75,Asia
Senegal,SEN,1988,49.13,28.03,Africa
Senegal,SEN,2002,58.49,40.97,Africa
Senegal,SEN,2005,57.43,34.01,Africa
Senegal,SEN,2006,58.13,44.54,Africa
Senegal,SEN,2009,72.5,54.62,Africa
Senegal,SEN,2011,73.73,58.74,Africa
Senegal,SEN,2013,62.83,51.15,Africa
Senegal,SEN,2014,63.45,51.06,Africa
Senegal,SEN,2015,65.79,56.88,Africa
Senegal,SEN,2016,69.41,59.89,Africa
Senegal,SEN,2017,75.58,63.5,Africa
Senegal,SEN,2018,66.22,65.69,Africa
Senegal,SEN,2019,68.82,64.03,Africa
Senegal,SEN,2022,76.60528,,Africa
Senegal,SEN,2023,69.27,65.6,Africa
Serbia,SRB,2003,99.39,99.32,Europe
Serbia,SRB,2005,,99.63,Europe
Serbia,SRB,2011,99.35,99.27,Europe
Serbia,SRB,2014,,99.83,Europe
Serbia,SRB,2016,99.72,99.72,Europe
Serbia,SRB,2019,100.0,100.0,Europe
Serbia,SRB,2022,99.72,99.75,Europe
Seychelles,SYC,1987,96.81,98.46,Africa
Seychelles,SYC,1994,98.49,99.14,Africa
Seychelles,SYC,2002,98.77,99.37,Africa
Seychelles,SYC,2010,98.59,99.38,Africa
Sierra Leone,SLE,2004,59.61,37.36,Africa
Sierra Leone,SLE,2005,,37.15,Africa
Sierra Leone,SLE,2008,73.58,41.3,Africa
Sierra Leone,SLE,2010,,49.46,Africa
Sierra Leone,SLE,2013,79.69,57.34,Africa
Sierra Leone,SLE,2015,72.91,63.25,Africa
Sierra Leone,SLE,2017,78.74,68.66,Africa
Sierra Leone,SLE,2018,81.566696,73.36918,Africa
Sierra Leone,SLE,2019,78.2,67.86,Africa
Singapore,SGP,1980,96.41,96.16,Asia
Singapore,SGP,1990,98.86,99.08,Asia
Singapore,SGP,2000,99.41,99.6,Asia
Singapore,SGP,2010,99.74,99.77,Asia
Singapore,SGP,2011,99.89,99.88,Asia
Singapore,SGP,2012,99.9,99.89,Asia
Singapore,SGP,2013,99.9,99.9,Asia
Singapore,SGP,2014,99.9,99.9,Asia
Singapore,SGP,2015,99.74,99.84,Asia
Singapore,SGP,2016,99.91,99.94,Asia
Singapore,SGP,2017,99.92,99.94,Asia
Singapore,SGP,2018,99.92,99.94,Asia
Singapore,SGP,2019,99.91,99.94,Asia
Singapore,SGP,2020,99.67,99.79,Asia
Singapore,SGP,2021,99.87,99.91,Asia
Slovenia,SVN,1991,99.74,99.78,Europe
Solomon Islands,SLB,1999,87.523834,81.53545,Oceania
Somalia,SOM,2006,,23.79,Africa
Somalia,SOM,2019,83.23648,73.95871,Africa
Somalia,SOM,2022,76.19,65.11,Africa
South Africa,ZAF,1980,85.35,84.97,Africa
South Africa,ZAF,1996,93.5,94.29,Africa
South Africa,ZAF,2007,97.05,98.09,Africa
South Africa,ZAF,2009,97.92,98.82,Africa
South Africa,ZAF,2010,98.39,98.9,Africa
South Africa,ZAF,2011,98.43,99.15,Africa
South Africa,ZAF,2012,98.5,99.27,Africa
South Africa,ZAF,2014,98.68,99.08,Africa
South Africa,ZAF,2015,98.68,99.23,Africa
South Africa,ZAF,2016,95.83,97.72,Africa
South Africa,ZAF,2019,97.99,98.83,Africa
South Africa,ZAF,2021,95.91,97.48,Africa
South Africa,ZAF,2024,96.34,97.99,Africa
South Asia (WB),WB_SA,1975,63.61,34.42,
South Asia (WB),WB_SA,1976,63.58,34.41,
South Asia (WB),WB_SA,1977,63.99,35.54,
South Asia (WB),WB_SA,1978,64.31,36.66,
South Asia (WB),WB_SA,1979,64.53,37.79,
South Asia (WB),WB_SA,1980,64.69,38.82,
South Asia (WB),WB_SA,1981,64.76,39.75,
South Asia (WB),WB_SA,1982,64.94,40.86,
South Asia (WB),WB_SA,1983,65.08,41.97,
South Asia (WB),WB_SA,1984,65.18,43.09,
South Asia (WB),WB_SA,1985,65.32,44.21,
South Asia (WB),WB_SA,1986,65.52,45.33,
South Asia (WB),WB_SA,1987,65.8,46.41,
South Asia (WB),WB_SA,1988,69.1,43.82,
South Asia (WB),WB_SA,1989,70.07,45.59,
South Asia (WB),WB_SA,1990,70.91,47.31,
South Asia (WB),WB_SA,1991,71.62,48.95,
South Asia (WB),WB_SA,1992,72.4,50.63,
South Asia (WB),WB_SA,1993,73.14,52.35,
South Asia (WB),WB_SA,1994,73.83,54.09,
South Asia (WB),WB_SA,1995,74.52,55.77,
South Asia (WB),WB_SA,1996,75.2,57.39,
South Asia (WB),WB_SA,1997,75.85,58.8,
South Asia (WB),WB_SA,1998,80.61,61.8,
South Asia (WB),WB_SA,1999,81.26,63.76,
South Asia (WB),WB_SA,2000,81.8,65.61,
South Asia (WB),WB_SA,2001,82.27,67.34,
South Asia (WB),WB_SA,2002,82.84,69.11,
South Asia (WB),WB_SA,2003,83.36,70.83,
South Asia (WB),WB_SA,2004,83.84,72.53,
South Asia (WB),WB_SA,2005,85.84,72.52,
South Asia (WB),WB_SA,2006,84.5,73.63,
South Asia (WB),WB_SA,2007,85.08,75.37,
South Asia (WB),WB_SA,2008,85.65,77.02,
South Asia (WB),WB_SA,2009,86.17,78.64,
South Asia (WB),WB_SA,2010,88.14,80.39,
South Asia (WB),WB_SA,2011,88.61,81.8,
South Asia (WB),WB_SA,2012,88.67,82.68,
South Asia (WB),WB_SA,2013,90.23,85.07,
South Asia (WB),WB_SA,2014,90.6,86.21,
South Asia (WB),WB_SA,2015,91.3,87.7,
South Asia (WB),WB_SA,2016,92.18,89.16,
South Asia (WB),WB_SA,2017,92.59,90.09,
South Asia (WB),WB_SA,2018,92.95,90.89,
South Asia (WB),WB_SA,2019,96.3,93.76,
South Asia (WB),WB_SA,2020,96.49,94.36,
South Asia (WB),WB_SA,2021,96.79,94.96,
South Asia (WB),WB_SA,2022,96.85,95.38,
South Asia (WB),WB_SA,2023,97.07,95.94,
South Asia (WB),WB_SA,2024,97.27,96.46,
South Korea,KOR,2008,99.91,100.0,Asia
South Sudan,SSD,2008,44.08,29.58,Africa
South Sudan,SSD,2010,,24.87,Africa
Spain,ESP,1981,98.64,98.64,Europe
Spain,ESP,1991,99.54,99.57,Europe
Spain,ESP,2004,99.58,99.53,Europe
Spain,ESP,2005,99.57,99.5,Europe
Spain,ESP,2006,99.71,99.48,Europe
Spain,ESP,2007,99.58,99.56,Europe
Spain,ESP,2008,99.53,99.6,Europe
Spain,ESP,2009,99.64,99.56,Europe
Spain,ESP,2010,99.51,99.69,Europe
Spain,ESP,2011,99.65,99.75,Europe
Spain,ESP,2012,99.64,99.71,Europe
Spain,ESP,2013,99.69,99.64,Europe
Spain,ESP,2014,99.76,99.69,Europe
Spain,ESP,2015,99.62,99.69,Europe
Spain,ESP,2016,99.64,99.61,Europe
Spain,ESP,2018,99.69,99.74,Europe
Spain,ESP,2020,99.49,99.76,Europe
Spain,ESP,2021,99.71,99.75,Europe
Sri Lanka,LKA,1981,91.88,90.19,Asia
Sri Lanka,LKA,2001,95.07,96.12,Asia
Sri Lanka,LKA,2006,97.03,97.94,Asia
Sri Lanka,LKA,2008,97.33,98.59,Asia
Sri Lanka,LKA,2010,97.69,98.59,Asia
Sri Lanka,LKA,2014,98.10371,98.93508,Asia
Sri Lanka,LKA,2015,98.11796,98.66205,Asia
Sri Lanka,LKA,2016,98.41,98.94,Asia
Sri Lanka,LKA,2017,98.55,99.15,Asia
Sri Lanka,LKA,2018,98.51,99.04,Asia
Sri Lanka,LKA,2019,98.72,99.21,Asia
Sri Lanka,LKA,2020,98.59,99.12,Asia
Sri Lanka,LKA,2021,98.71,99.14,Asia
Sri Lanka,LKA,2022,98.28,99.32,Asia
Sri Lanka,LKA,2023,98.95,99.26,Asia
Sri Lanka,LKA,2024,98.7,99.05,Asia
Sub-Saharan Africa (SDG),,1984,70.26,53.48,
Sub-Saharan Africa (SDG),,1985,70.61,54.18,
Sub-Saharan Africa (SDG),,1986,70.84,54.67,
Sub-Saharan Africa (SDG),,1987,71.34,55.59,
Sub-Saharan Africa (SDG),,1988,71.48,56.19,
Sub-Saharan Africa (SDG),,1989,71.87,57.0,
Sub-Saharan Africa (SDG),,1990,72.16,57.92,
Sub-Saharan Africa (SDG),,1991,72.23,58.51,
Sub-Saharan Africa (SDG),,1992,72.05,58.82,
Sub-Saharan Africa (SDG),,1993,72.1,59.61,
Sub-Saharan Africa (SDG),,1994,72.22,60.16,
Sub-Saharan Africa (SDG),,1995,72.03,60.73,
Sub-Saharan Africa (SDG),,1996,72.03,61.5,
Sub-Saharan Africa (SDG),,1997,72.19,62.43,
Sub-Saharan Africa (SDG),,1998,72.26,62.42,
Sub-Saharan Africa (SDG),,1999,73.01,63.17,
Sub-Saharan Africa (SDG),,2000,72.08,60.53,
Sub-Saharan Africa (SDG),,2001,72.33,61.41,
Sub-Saharan Africa (SDG),,2002,74.6,61.75,
Sub-Saharan Africa (SDG),,2003,74.46,62.31,
Sub-Saharan Africa (SDG),,2004,74.93,62.97,
Sub-Saharan Africa (SDG),,2005,74.35,62.56,
Sub-Saharan Africa (SDG),,2006,74.47,62.13,
Sub-Saharan Africa (SDG),,2007,74.49,62.31,
Sub-Saharan Africa (SDG),,2008,74.63,62.69,
Sub-Saharan Africa (SDG),,2009,74.98,63.05,
Sub-Saharan Africa (SDG),,2010,75.56,64.31,
Sub-Saharan Africa (SDG),,2011,76.92,67.08,
Sub-Saharan Africa (SDG),,2012,78.22,68.62,
Sub-Saharan Africa (SDG),,2013,79.04,69.79,
Sub-Saharan Africa (SDG),,2014,79.11,70.44,
Sub-Saharan Africa (SDG),,2015,79.45,71.32,
Sub-Saharan Africa (SDG),,2016,79.66,72.23,
Sub-Saharan Africa (SDG),,2017,79.93,73.06,
Sub-Saharan Africa (SDG),,2018,81.05,74.72,
Sub-Saharan Africa (SDG),,2019,81.12,75.1,
Sub-Saharan Africa (SDG),,2020,81.18,75.31,
Sub-Saharan Africa (SDG),,2021,81.26,75.68,
Sub-Saharan Africa (SDG),,2022,81.39,76.05,
Sub-Saharan Africa (SDG),,2023,81.53,76.39,
Sub-Saharan Africa (SDG),,2024,81.7,76.71,
Sub-Saharan Africa (WB),WB_SSA,1985,71.19,54.66,
Sub-Saharan Africa (WB),WB_SSA,1986,71.41,55.12,
Sub-Saharan Africa (WB),WB_SSA,1987,71.88,56.0,
Sub-Saharan Africa (WB),WB_SSA,1988,72.0,56.57,
Sub-Saharan Africa (WB),WB_SSA,1989,72.36,57.34,
Sub-Saharan Africa (WB),WB_SSA,1990,72.63,58.21,
Sub-Saharan Africa (WB),WB_SSA,1991,72.69,58.78,
Sub-Saharan Africa (WB),WB_SSA,1992,72.52,59.06,
Sub-Saharan Africa (WB),WB_SSA,1993,72.55,59.82,
Sub-Saharan Africa (WB),WB_SSA,1994,72.67,60.35,
Sub-Saharan Africa (WB),WB_SSA,1995,72.48,60.9,
Sub-Saharan Africa (WB),WB_SSA,1996,72.5,61.69,
Sub-Saharan Africa (WB),WB_SSA,1997,72.68,62.65,
Sub-Saharan Africa (WB),WB_SSA,1998,72.76,62.7,
Sub-Saharan Africa (WB),WB_SSA,1999,73.5,63.48,
Sub-Saharan Africa (WB),WB_SSA,2000,72.61,61.0,
Sub-Saharan Africa (WB),WB_SSA,2001,72.87,61.9,
Sub-Saharan Africa (WB),WB_SSA,2002,75.07,62.28,
Sub-Saharan Africa (WB),WB_SSA,2003,74.93,62.87,
Sub-Saharan Africa (WB),WB_SSA,2004,75.4,63.55,
Sub-Saharan Africa (WB),WB_SSA,2005,74.85,63.2,
Sub-Saharan Africa (WB),WB_SSA,2006,74.22,62.06,
Sub-Saharan Africa (WB),WB_SSA,2007,74.26,62.28,
Sub-Saharan Africa (WB),WB_SSA,2008,74.4,62.69,
Sub-Saharan Africa (WB),WB_SSA,2009,74.75,63.08,
Sub-Saharan Africa (WB),WB_SSA,2010,75.32,64.34,
Sub-Saharan Africa (WB),WB_SSA,2011,76.64,67.04,
Sub-Saharan Africa (WB),WB_SSA,2012,77.91,68.56,
Sub-Saharan Africa (WB),WB_SSA,2013,78.7,69.73,
Sub-Saharan Africa (WB),WB_SSA,2014,78.78,70.4,
Sub-Saharan Africa (WB),WB_SSA,2015,79.12,71.29,
Sub-Saharan Africa (WB),WB_SSA,2016,79.34,72.2,
Sub-Saharan Africa (WB),WB_SSA,2017,79.61,73.04,
Sub-Saharan Africa (WB),WB_SSA,2018,80.69,74.66,
Sub-Saharan Africa (WB),WB_SSA,2019,80.76,75.03,
Sub-Saharan Africa (WB),WB_SSA,2020,80.82,75.23,
Sub-Saharan Africa (WB),WB_SSA,2021,80.9,75.59,
Sub-Saharan Africa (WB),WB_SSA,2022,81.02,75.95,
Sub-Saharan Africa (WB),WB_SSA,2023,81.16,76.27,
Sub-Saharan Africa (WB),WB_SSA,2024,81.34,76.58,
Sudan,SDN,2000,85.69,72.33,Africa
Sudan,SDN,2008,68.67,62.72,Africa
Sudan,SDN,2010,,64.81,Africa
Sudan,SDN,2014,,100.0,Africa
Suriname,SUR,2004,95.62,94.14,South America
Suriname,SUR,2006,,94.92,South America
Suriname,SUR,2008,99.38,99.46,South America
Suriname,SUR,2010,97.97,98.8,South America
Suriname,SUR,2012,98.09,97.26,South America
Suriname,SUR,2018,97.44,97.96,South America
Syria,SYR,1981,88.83,59.02,Asia
Syria,SYR,2002,97.14,92.96,Asia
Syria,SYR,2004,94.61,90.22,Asia
Syria,SYR,2006,,89.05,Asia
Syria,SYR,2021,98.35,98.44,Asia
Tajikistan,TJK,1989,99.74,99.67,Asia
Tajikistan,TJK,2000,99.84,99.85,Asia
Tajikistan,TJK,2003,99.49513,98.74291,Asia
Tajikistan,TJK,2007,99.45501,98.35114,Asia
Tajikistan,TJK,2009,100.0,100.0,Asia
Tajikistan,TJK,2012,,100.0,Asia
Tajikistan,TJK,2017,100.0,96.42,Asia
Tajikistan,TJK,2023,,98.31,Asia
Tanzania,TZA,1988,86.2,77.87,Africa
Tanzania,TZA,2002,80.92,76.2,Africa
Tanzania,TZA,2012,87.17,84.85,Africa
Tanzania,TZA,2014,89.85196,87.81916,Africa
Tanzania,TZA,2015,87.01,84.64,Africa
Tanzania,TZA,2020,86.98013,88.07789,Africa
Tanzania,TZA,2022,88.81,85.13,Africa
Thailand,THA,1980,97.57,96.17,Asia
Thailand,THA,2000,98.1,97.85,Asia
Thailand,THA,2005,98.22,97.88,Asia
Thailand,THA,2010,96.64,96.55,Asia
Thailand,THA,2013,97.98,98.65,Asia
Thailand,THA,2015,98.0,98.29,Asia
Thailand,THA,2016,97.36,97.64,Asia
Thailand,THA,2018,97.69,98.59,Asia
Thailand,THA,2019,98.47,98.58,Asia
Thailand,THA,2022,97.94,98.43,Asia
Togo,TGO,2000,83.79,63.55,Africa
Togo,TGO,2006,84.86,67.92,Africa
Togo,TGO,2009,87.63,74.56,Africa
Togo,TGO,2010,86.4,69.16,Africa
Togo,TGO,2011,86.92,72.71,Africa
Togo,TGO,2014,88.61,67.68,Africa
Togo,TGO,2015,89.67,78.37,Africa
Togo,TGO,2017,89.44,74.74,Africa
Togo,TGO,2019,92.08,84.01,Africa
Togo,TGO,2022,93.33,87.65,Africa
Tokelau,TKL,2022,,100.0,Oceania
Tonga,TON,1976,99.84,99.8,Oceania
Tonga,TON,1996,99.27,99.35,Oceania
Tonga,TON,2006,99.3,99.56,Oceania
Tonga,TON,2011,99.37,99.51,Oceania
Tonga,TON,2016,98.16,98.48,Oceania
Tonga,TON,2018,100.0,100.0,Oceania
Tonga,TON,2019,99.92,99.87,Oceania
Tonga,TON,2023,99.64,99.79,Oceania
Trinidad and Tobago,TTO,1980,99.2,99.24,North America
Trinidad and Tobago,TTO,1990,99.3,99.3,North America
Trinidad and Tobago,TTO,2006,,99.18,North America
Trinidad and Tobago,TTO,2022,89.05,99.73,North America
Tunisia,TUN,1984,85.74,62.52,Africa
Tunisia,TUN,2004,96.4,92.24,Africa
Tunisia,TUN,2007,97.84,94.72,Africa
Tunisia,TUN,2008,98.13,95.49,Africa
Tunisia,TUN,2010,98.21,96.09,Africa
Tunisia,TUN,2011,98.24,96.32,Africa
Tunisia,TUN,2012,97.97,95.72,Africa
Tunisia,TUN,2014,96.61,95.8,Africa
Tunisia,TUN,2018,98.38,97.54,Africa
Tunisia,TUN,2019,97.15,96.5,Africa
Tunisia,TUN,2021,98.84,99.05,Africa
Tunisia,TUN,2023,98.19,98.13,Africa
Turkey,TUR,1975,90.75,68.25,Asia
Turkey,TUR,1980,93.62,75.24,Asia
Turkey,TUR,1985,95.68,85.96,Asia
Turkey,TUR,1990,96.57,88.39,Asia
Turkey,TUR,2004,98.02,93.3,Asia
Turkey,TUR,2005,98.36,93.96,Asia
Turkey,TUR,2006,98.37,94.12,Asia
Turkey,TUR,2007,98.58,94.29,Asia
Turkey,TUR,2009,99.02,96.57,Asia
Turkey,TUR,2010,99.21,97.2,Asia
Turkey,TUR,2011,99.45,97.94,Asia
Turkey,TUR,2012,99.59,98.41,Asia
Turkey,TUR,2013,99.69,98.74,Asia
Turkey,TUR,2014,99.75,98.95,Asia
Turkey,TUR,2015,99.81,99.17,Asia
Turkey,TUR,2016,99.86,99.37,Asia
Turkey,TUR,2017,99.91,99.59,Asia
Turkey,TUR,2018,100.0,98.8,Asia
Turkey,TUR,2019,99.96,99.85,Asia
Turkey,TUR,2021,99.98,99.94,Asia
Turkey,TUR,2022,92.57,91.87,Asia
Turkmenistan,TKM,1995,99.81,99.81,Asia
Turkmenistan,TKM,2015,,99.83,Asia
Turkmenistan,TKM,2019,,99.98,Asia
Turkmenistan,TKM,2022,99.9,99.9,Asia
Turks and Caicos Islands,TCA,2020,99.88,100.0,North America
Tuvalu,TUV,2019,99.1,98.51,Oceania
Tuvalu,TUV,2022,100.0,100.0,Oceania
Uganda,UGA,1991,77.22,63.12,Africa
Uganda,UGA,2002,85.96,76.18,Africa
Uganda,UGA,2006,87.27,81.13,Africa
Uganda,UGA,2010,89.64,85.47,Africa
Uganda,UGA,2012,85.76,81.65,Africa
Uganda,UGA,2014,81.57,79.17,Africa
Uganda,UGA,2016,81.42,78.19,Africa
Uganda,UGA,2021,90.11857,89.19264,Africa
Uganda,UGA,2023,89.38,90.49,Africa
Uganda,UGA,2024,84.27,85.94,Africa
Ukraine,UKR,2001,99.78,99.83,Europe
Ukraine,UKR,2005,,100.0,Europe
United Arab Emirates,ARE,1975,65.51,56.28,Asia
United Arab Emirates,ARE,1985,81.01,84.51,Asia
United Arab Emirates,ARE,2005,93.63,97.0,Asia
United Arab Emirates,ARE,2019,97.75,99.22,Asia
United Arab Emirates,ARE,2021,99.72,99.59,Asia
United Arab Emirates,ARE,2022,99.74,99.56,Asia
United Arab Emirates,ARE,2023,99.57,99.51,Asia
United Arab Emirates,ARE,2024,99.64,99.55,Asia
Upper-middle-income countries,OWID_UMC,1974,90.81,76.01,
Upper-middle-income countries,OWID_UMC,1975,90.8,76.11,
Upper-middle-income countries,OWID_UMC,1976,90.88,76.47,
Upper-middle-income countries,OWID_UMC,1977,90.95,76.86,
Upper-middle-income countries,OWID_UMC,1978,91.43,78.42,
Upper-middle-income countries,OWID_UMC,1979,91.99,79.97,
Upper-middle-income countries,OWID_UMC,1980,92.35,81.51,
Upper-middle-income countries,OWID_UMC,1981,92.68,82.9,
Upper-middle-income countries,OWID_UMC,1982,92.9,84.03,
Upper-middle-income countries,OWID_UMC,1983,93.18,85.19,
Upper-middle-income countries,OWID_UMC,1984,93.52,86.33,
Upper-middle-income countries,OWID_UMC,1985,93.76,87.12,
Upper-middle-income countries,OWID_UMC,1986,94.0,87.86,
Upper-middle-income countries,OWID_UMC,1987,94.65,88.95,
Upper-middle-income countries,OWID_UMC,1988,95.06,90.74,
Upper-middle-income countries,OWID_UMC,1989,95.14,91.15,
Upper-middle-income countries,OWID_UMC,1990,95.3,91.7,
Upper-middle-income countries,OWID_UMC,1991,95.56,92.19,
Upper-middle-income countries,OWID_UMC,1992,95.77,92.61,
Upper-middle-income countries,OWID_UMC,1993,95.99,93.01,
Upper-middle-income countries,OWID_UMC,1994,96.2,93.43,
Upper-middle-income countries,OWID_UMC,1995,96.43,93.9,
Upper-middle-income countries,OWID_UMC,1996,96.54,94.27,
Upper-middle-income countries,OWID_UMC,1997,97.59,96.67,
Upper-middle-income countries,OWID_UMC,1998,97.64,96.79,
Upper-middle-income countries,OWID_UMC,1999,97.7,96.96,
Upper-middle-income countries,OWID_UMC,2000,97.79,97.05,
Upper-middle-income countries,OWID_UMC,2001,97.86,97.19,
Upper-middle-income countries,OWID_UMC,2002,98.0,97.38,
Upper-middle-income countries,OWID_UMC,2003,98.24,97.67,
Upper-middle-income countries,OWID_UMC,2004,98.32,97.84,
Upper-middle-income countries,OWID_UMC,2005,98.39,97.97,
Upper-middle-income countries,OWID_UMC,2006,98.25,97.81,
Upper-middle-income countries,OWID_UMC,2007,98.43,98.1,
Upper-middle-income countries,OWID_UMC,2008,98.79,98.55,
Upper-middle-income countries,OWID_UMC,2009,98.82,98.63,
Upper-middle-income countries,OWID_UMC,2010,98.7,98.61,
Upper-middle-income countries,OWID_UMC,2011,98.8,98.66,
Upper-middle-income countries,OWID_UMC,2012,98.92,98.76,
Upper-middle-income countries,OWID_UMC,2013,98.94,98.83,
Upper-middle-income countries,OWID_UMC,2014,99.13,99.03,
Upper-middle-income countries,OWID_UMC,2015,99.14,99.06,
Upper-middle-income countries,OWID_UMC,2016,99.18,99.13,
Upper-middle-income countries,OWID_UMC,2017,99.08,99.1,
Upper-middle-income countries,OWID_UMC,2018,99.09,99.12,
Upper-middle-income countries,OWID_UMC,2019,99.22,99.25,
Upper-middle-income countries,OWID_UMC,2020,99.23,99.26,
Upper-middle-income countries,OWID_UMC,2021,99.2,99.25,
Upper-middle-income countries,OWID_UMC,2022,99.2,99.27,
Upper-middle-income countries,OWID_UMC,2023,99.21,99.29,
Upper-middle-income countries,OWID_UMC,2024,99.26,99.33,
Uruguay,URY,1975,97.74,98.84,South America
Uruguay,URY,1985,98.26,99.0,South America
Uruguay,URY,1996,98.15,99.02,South America
Uruguay,URY,2006,98.31,99.11,South America
Uruguay,URY,2007,98.49,99.02,South America
Uruguay,URY,2008,98.63,99.32,South America
Uruguay,URY,2009,98.5,99.22,South America
Uruguay,URY,2010,98.36,99.23,South America
Uruguay,URY,2011,98.61,99.12,South America
Uruguay,URY,2012,98.63,99.3,South America
Uruguay,URY,2013,98.56,99.31,South America
Uruguay,URY,2014,98.31,99.39,South America
Uruguay,URY,2015,98.64,99.23,South America
Uruguay,URY,2016,98.87,99.44,South America
Uruguay,URY,2017,98.56,99.32,South America
Uruguay,URY,2018,98.6,99.17,South America
Uruguay,URY,2019,98.74,99.32,South America
Uruguay,URY,2020,98.78699,99.36902,South America
Uruguay,URY,2021,99.1,99.2,South America
Uruguay,URY,2022,98.9,99.38,South America
Uruguay,URY,2023,98.7,99.4,South America
Uruguay,URY,2024,98.85,99.2,South America
Uzbekistan,UZB,2000,99.85,99.89,Asia
Uzbekistan,UZB,2006,,100.0,Asia
Uzbekistan,UZB,2013,100.0,100.0,Asia
Uzbekistan,UZB,2014,100.0,100.0,Asia
Uzbekistan,UZB,2015,100.0,100.0,Asia
Uzbekistan,UZB,2016,100.0,100.0,Asia
Uzbekistan,UZB,2018,100.0,100.0,Asia
Uzbekistan,UZB,2019,100.0,100.0,Asia
Uzbekistan,UZB,2021,100.0,100.0,Asia
Uzbekistan,UZB,2022,100.0,100.0,Asia
Vanuatu,VUT,1979,75.74,67.64,Oceania
Vanuatu,VUT,2019,96.02108,96.81652,Oceania
Vanuatu,VUT,2020,88.4881,88.833786,Oceania
Vanuatu,VUT,2023,93.36,94.51,Oceania
Venezuela,VEN,1981,92.33,93.89,South America
Venezuela,VEN,1990,94.52,96.36,South America
Venezuela,VEN,2000,96.9,98.2,South America
Venezuela,VEN,2001,96.33,98.07,South America
Venezuela,VEN,2002,97.2,98.4,South America
Venezuela,VEN,2003,97.2,98.5,South America
Venezuela,VEN,2004,97.7,98.6,South America
Venezuela,VEN,2005,97.6,98.5,South America
Venezuela,VEN,2006,97.8,98.8,South America
Venezuela,VEN,2007,97.97,98.84,South America
Venezuela,VEN,2008,98.1,98.9,South America
Venezuela,VEN,2009,98.27,98.8,South America
Venezuela,VEN,2010,98.1,98.8,South America
Venezuela,VEN,2011,96.89,98.24,South America
Venezuela,VEN,2012,98.6,99.1,South America
Venezuela,VEN,2013,98.5,98.9,South America
Venezuela,VEN,2014,98.6,99.2,South America
Venezuela,VEN,2015,98.71,99.32,South America
Venezuela,VEN,2016,98.44,99.09,South America
Venezuela,VEN,2017,98.36817,99.23415,South America
Vietnam,VNM,1979,96.11,94.02,Asia
Vietnam,VNM,1989,94.08,93.4,Asia
Vietnam,VNM,1999,94.76,94.3,Asia
Vietnam,VNM,2000,95.59,94.06,Asia
Vietnam,VNM,2006,,100.0,Asia
Vietnam,VNM,2009,97.4,96.78,Asia
Vietnam,VNM,2014,,98.81,Asia
Vietnam,VNM,2019,98.71,98.54,Asia
Vietnam,VNM,2020,97.48,98.97,Asia
Vietnam,VNM,2022,98.96,99.14,Asia
Wallis and Futuna,WLF,2018,100.0,100.0,Oceania
Wallis and Futuna,WLF,2019,100.0,100.0,Oceania
Wallis and Futuna,WLF,2020,98.42,99.06,Oceania
Wallis and Futuna,WLF,2023,100.0,100.0,Oceania
World,OWID_WRL,1975,82.65,67.14,
World,OWID_WRL,1976,82.64,67.25,
World,OWID_WRL,1977,82.74,67.67,
World,OWID_WRL,1978,83.04,68.63,
World,OWID_WRL,1979,83.41,69.66,
World,OWID_WRL,1980,83.62,70.61,
World,OWID_WRL,1981,83.82,71.5,
World,OWID_WRL,1982,84.02,72.36,
World,OWID_WRL,1983,84.18,73.12,
World,OWID_WRL,1984,84.44,74.03,
World,OWID_WRL,1985,84.7,74.83,
World,OWID_WRL,1986,84.95,75.57,
World,OWID_WRL,1987,85.49,76.54,
World,OWID_WRL,1988,86.42,76.88,
World,OWID_WRL,1989,86.64,77.44,
World,OWID_WRL,1990,86.86,78.08,
World,OWID_WRL,1991,87.07,78.6,
World,OWID_WRL,1992,87.38,79.04,
World,OWID_WRL,1993,87.71,79.41,
World,OWID_WRL,1994,87.88,79.9,
World,OWID_WRL,1995,88.04,80.4,
World,OWID_WRL,1996,88.18,80.88,
World,OWID_WRL,1997,88.69,82.17,
World,OWID_WRL,1998,89.7,82.84,
World,OWID_WRL,1999,89.87,83.35,
World,OWID_WRL,2000,89.87,83.42,
World,OWID_WRL,2001,89.97,83.9,
World,OWID_WRL,2002,90.41,84.41,
World,OWID_WRL,2003,90.85,84.9,
World,OWID_WRL,2004,91.02,85.43,
World,OWID_WRL,2005,91.4,85.47,
World,OWID_WRL,2006,90.92,85.51,
World,OWID_WRL,2007,91.09,86.03,
World,OWID_WRL,2008,91.41,86.56,
World,OWID_WRL,2009,91.52,86.93,
World,OWID_WRL,2010,91.9,87.33,
World,OWID_WRL,2011,92.09,87.93,
World,OWID_WRL,2012,92.34,88.34,
World,OWID_WRL,2013,92.69,88.95,
World,OWID_WRL,2014,92.79,89.34,
World,OWID_WRL,2015,92.94,89.76,
World,OWID_WRL,2016,93.01,90.08,
World,OWID_WRL,2017,93.1,90.3,
World,OWID_WRL,2018,93.15,90.41,
World,OWID_WRL,2019,93.9,91.11,
World,OWID_WRL,2020,93.94,91.27,
World,OWID_WRL,2021,93.99,91.46,
World,OWID_WRL,2022,94.0,91.63,
World,OWID_WRL,2023,94.06,91.83,
World,OWID_WRL,2024,94.13,92.02,
Yemen,YEM,1994,82.8,35.38,Asia
Yemen,YEM,2006,,65.66,Asia
Yemen,YEM,2013,,64.08,Asia
Yemen,YEM,2023,61.76,76.92,Asia
Zambia,ZMB,1990,67.27,65.52,Africa
Zambia,ZMB,1999,72.62,66.23,Africa
Zambia,ZMB,2002,77.73,66.31,Africa
Zambia,ZMB,2010,91.2,86.51,Africa
Zambia,ZMB,2018,82.45,72.91,Africa
Zambia,ZMB,2019,86.264465,,Africa
Zambia,ZMB,2020,88.25815,83.83095,Africa
Zambia,ZMB,2021,85.34498,82.951485,Africa
Zambia,ZMB,2022,86.79978,82.18072,Africa
Zambia,ZMB,2023,86.29098,,Africa
Zambia,ZMB,2024,79.31,75.96,Africa
Zimbabwe,ZWE,1982,93.83,84.81,Africa
Zimbabwe,ZWE,1992,96.54,94.35,Africa
Zimbabwe,ZWE,2009,,95.65,Africa
Zimbabwe,ZWE,2014,,96.31,Africa
Zimbabwe,ZWE,2019,90.77,94.22,Africa
